Station,Datetime,Entries,Exits,Rainfall
North Avenue,01/01/2024 0:00,10,143,0
North Avenue,01/01/2024 1:00,137,35,0.09
North Avenue,01/01/2024 2:00,19,73,0
North Avenue,01/01/2024 3:00,76,8,0.83
North Avenue,01/01/2024 4:00,0,100,1.23
North Avenue,01/01/2024 5:00,0,98,1.86
North Avenue,01/01/2024 6:00,50,0,0
North Avenue,01/01/2024 7:00,0,0,4.33
North Avenue,01/01/2024 8:00,0,108,1.49
North Avenue,01/01/2024 9:00,209,37,0.61
North Avenue,01/01/2024 10:00,8,143,0.05
North Avenue,01/01/2024 11:00,134,0,0
North Avenue,01/01/2024 12:00,60,47,0.81
North Avenue,01/01/2024 13:00,183,216,1.93
North Avenue,01/01/2024 14:00,161,51,0
North Avenue,01/01/2024 15:00,0,0,2.81
North Avenue,01/01/2024 16:00,45,0,0
North Avenue,01/01/2024 17:00,93,75,0.37
North Avenue,01/01/2024 18:00,117,124,0
North Avenue,01/01/2024 19:00,72,0,0
North Avenue,01/01/2024 20:00,133,158,0
North Avenue,01/01/2024 21:00,88,118,4.67
North Avenue,01/01/2024 22:00,128,0,0.62
North Avenue,01/01/2024 23:00,0,131,0
North Avenue,02/01/2024 0:00,185,61,0
North Avenue,02/01/2024 1:00,6,0,0
North Avenue,02/01/2024 2:00,0,30,0
North Avenue,02/01/2024 3:00,19,53,0.21
North Avenue,02/01/2024 4:00,0,68,2.18
North Avenue,02/01/2024 5:00,52,0,0
North Avenue,02/01/2024 6:00,106,63,1.47
North Avenue,02/01/2024 7:00,0,238,0.99
North Avenue,02/01/2024 8:00,0,41,1.24
North Avenue,02/01/2024 9:00,0,0,0
North Avenue,02/01/2024 10:00,41,174,1.32
North Avenue,02/01/2024 11:00,76,0,0
North Avenue,02/01/2024 12:00,0,0,0
North Avenue,02/01/2024 13:00,0,262,0
North Avenue,02/01/2024 14:00,0,0,0
North Avenue,02/01/2024 15:00,16,0,2.73
North Avenue,02/01/2024 16:00,42,19,0
North Avenue,02/01/2024 17:00,0,205,0
North Avenue,02/01/2024 18:00,0,130,3.23
North Avenue,02/01/2024 19:00,131,0,2.49
North Avenue,02/01/2024 20:00,42,233,4.39
North Avenue,02/01/2024 21:00,207,26,0
North Avenue,02/01/2024 22:00,111,225,1.78
North Avenue,02/01/2024 23:00,117,0,0
North Avenue,03/01/2024 0:00,0,69,0
North Avenue,03/01/2024 1:00,25,0,0
North Avenue,03/01/2024 2:00,217,0,2.83
North Avenue,03/01/2024 3:00,42,197,1.58
North Avenue,03/01/2024 4:00,0,0,1.47
North Avenue,03/01/2024 5:00,0,0,0
North Avenue,03/01/2024 6:00,42,98,0
North Avenue,03/01/2024 7:00,19,188,2.53
North Avenue,03/01/2024 8:00,147,18,0
North Avenue,03/01/2024 9:00,179,0,0
North Avenue,03/01/2024 10:00,107,23,0
North Avenue,03/01/2024 11:00,11,46,1.87
North Avenue,03/01/2024 12:00,83,380,0
North Avenue,03/01/2024 13:00,99,54,0
North Avenue,03/01/2024 14:00,0,162,0
North Avenue,03/01/2024 15:00,50,0,2.79
North Avenue,03/01/2024 16:00,0,75,0.18
North Avenue,03/01/2024 17:00,186,0,0
North Avenue,03/01/2024 18:00,214,188,0
North Avenue,03/01/2024 19:00,6,143,0
North Avenue,03/01/2024 20:00,114,0,0.74
North Avenue,03/01/2024 21:00,0,0,0
North Avenue,03/01/2024 22:00,338,0,1.13
North Avenue,03/01/2024 23:00,97,0,0
North Avenue,04/01/2024 0:00,30,124,0
North Avenue,04/01/2024 1:00,170,0,0
North Avenue,04/01/2024 2:00,3,13,2.27
North Avenue,04/01/2024 3:00,243,33,0.59
North Avenue,04/01/2024 4:00,4,15,0
North Avenue,04/01/2024 5:00,0,88,1.36
North Avenue,04/01/2024 6:00,102,0,0
North Avenue,04/01/2024 7:00,0,0,0
North Avenue,04/01/2024 8:00,0,42,0.99
North Avenue,04/01/2024 9:00,0,132,0
North Avenue,04/01/2024 10:00,159,32,0.04
North Avenue,04/01/2024 11:00,34,0,0.71
North Avenue,04/01/2024 12:00,69,0,0.13
North Avenue,04/01/2024 13:00,91,0,0
North Avenue,04/01/2024 14:00,0,99,3.05
North Avenue,04/01/2024 15:00,69,30,0
North Avenue,04/01/2024 16:00,114,27,0
North Avenue,04/01/2024 17:00,113,0,1.17
North Avenue,04/01/2024 18:00,0,105,0
North Avenue,04/01/2024 19:00,0,0,0
North Avenue,04/01/2024 20:00,10,39,0
North Avenue,04/01/2024 21:00,83,0,0
North Avenue,04/01/2024 22:00,0,136,0.42
North Avenue,04/01/2024 23:00,44,141,0
North Avenue,05/01/2024 0:00,91,239,1.54
North Avenue,05/01/2024 1:00,99,0,0
North Avenue,05/01/2024 2:00,85,46,2.49
North Avenue,05/01/2024 3:00,85,0,0
North Avenue,05/01/2024 4:00,0,36,1.54
North Avenue,05/01/2024 5:00,5,96,0.72
North Avenue,05/01/2024 6:00,95,165,0
North Avenue,05/01/2024 7:00,0,242,0
North Avenue,05/01/2024 8:00,98,41,0
North Avenue,05/01/2024 9:00,259,0,1.61
North Avenue,05/01/2024 10:00,0,1,1.1
North Avenue,05/01/2024 11:00,3,55,0
North Avenue,05/01/2024 12:00,73,0,1.83
North Avenue,05/01/2024 13:00,0,9,0.32
North Avenue,05/01/2024 14:00,0,131,0
North Avenue,05/01/2024 15:00,57,121,0.23
North Avenue,05/01/2024 16:00,165,171,0
North Avenue,05/01/2024 17:00,196,125,0
North Avenue,05/01/2024 18:00,38,201,0
North Avenue,05/01/2024 19:00,16,0,0.34
North Avenue,05/01/2024 20:00,0,25,1.07
North Avenue,05/01/2024 21:00,21,128,3.69
North Avenue,05/01/2024 22:00,94,32,0
North Avenue,05/01/2024 23:00,120,0,1.12
North Avenue,06/01/2024 0:00,3,63,0.8
North Avenue,06/01/2024 1:00,183,53,2.58
North Avenue,06/01/2024 2:00,0,205,0
North Avenue,06/01/2024 3:00,0,80,0
North Avenue,06/01/2024 4:00,0,0,0.22
North Avenue,06/01/2024 5:00,191,59,0
North Avenue,06/01/2024 6:00,0,81,3.54
North Avenue,06/01/2024 7:00,108,0,0
North Avenue,06/01/2024 8:00,249,131,0.35
North Avenue,06/01/2024 9:00,169,86,0.61
North Avenue,06/01/2024 10:00,198,172,0
North Avenue,06/01/2024 11:00,0,0,0.85
North Avenue,06/01/2024 12:00,0,188,0
North Avenue,06/01/2024 13:00,262,0,0.07
North Avenue,06/01/2024 14:00,0,108,0
North Avenue,06/01/2024 15:00,168,23,0.32
North Avenue,06/01/2024 16:00,59,74,3.22
North Avenue,06/01/2024 17:00,0,37,0
North Avenue,06/01/2024 18:00,94,9,0
North Avenue,06/01/2024 19:00,41,0,0
North Avenue,06/01/2024 20:00,14,171,0
North Avenue,06/01/2024 21:00,141,19,0.78
North Avenue,06/01/2024 22:00,56,257,0
North Avenue,06/01/2024 23:00,250,19,3.61
North Avenue,07/01/2024 0:00,0,21,6.08
North Avenue,07/01/2024 1:00,0,164,1.53
North Avenue,07/01/2024 2:00,130,0,3.32
North Avenue,07/01/2024 3:00,162,140,4.15
North Avenue,07/01/2024 4:00,102,127,0
North Avenue,07/01/2024 5:00,0,50,0
North Avenue,07/01/2024 6:00,115,71,0
North Avenue,07/01/2024 7:00,5,91,1.27
North Avenue,07/01/2024 8:00,103,43,0
North Avenue,07/01/2024 9:00,65,74,0.79
North Avenue,07/01/2024 10:00,104,0,0
North Avenue,07/01/2024 11:00,107,97,0
North Avenue,07/01/2024 12:00,176,0,0.94
North Avenue,07/01/2024 13:00,125,140,0
North Avenue,07/01/2024 14:00,122,185,1.47
North Avenue,07/01/2024 15:00,121,0,0
North Avenue,07/01/2024 16:00,0,0,0
North Avenue,07/01/2024 17:00,2,0,2.45
North Avenue,07/01/2024 18:00,128,0,0
North Avenue,07/01/2024 19:00,32,0,0.05
North Avenue,07/01/2024 20:00,43,0,0
North Avenue,07/01/2024 21:00,0,148,0
North Avenue,07/01/2024 22:00,0,0,0
North Avenue,07/01/2024 23:00,62,0,3.92
North Avenue,08/01/2024 0:00,89,105,0
Quezon Avenue,01/01/2024 0:00,81,0,0.83
Quezon Avenue,01/01/2024 1:00,31,0,0.94
Quezon Avenue,01/01/2024 2:00,88,58,1.44
Quezon Avenue,01/01/2024 3:00,79,139,0
Quezon Avenue,01/01/2024 4:00,55,198,0
Quezon Avenue,01/01/2024 5:00,0,54,0
Quezon Avenue,01/01/2024 6:00,150,0,0
Quezon Avenue,01/01/2024 7:00,0,125,0
Quezon Avenue,01/01/2024 8:00,1,69,0
Quezon Avenue,01/01/2024 9:00,11,0,0
Quezon Avenue,01/01/2024 10:00,0,55,0
Quezon Avenue,01/01/2024 11:00,140,14,1.91
Quezon Avenue,01/01/2024 12:00,121,75,0
Quezon Avenue,01/01/2024 13:00,0,40,3.69
Quezon Avenue,01/01/2024 14:00,164,0,1.99
Quezon Avenue,01/01/2024 15:00,0,303,1.36
Quezon Avenue,01/01/2024 16:00,7,182,1.41
Quezon Avenue,01/01/2024 17:00,146,0,1.68
Quezon Avenue,01/01/2024 18:00,45,6,0
Quezon Avenue,01/01/2024 19:00,79,27,0
Quezon Avenue,01/01/2024 20:00,0,91,0
Quezon Avenue,01/01/2024 21:00,148,59,0
Quezon Avenue,01/01/2024 22:00,70,92,0
Quezon Avenue,01/01/2024 23:00,237,135,3.02
Quezon Avenue,02/01/2024 0:00,0,0,0
Quezon Avenue,02/01/2024 1:00,205,37,0.44
Quezon Avenue,02/01/2024 2:00,0,87,1.48
Quezon Avenue,02/01/2024 3:00,41,247,0
Quezon Avenue,02/01/2024 4:00,117,259,0
Quezon Avenue,02/01/2024 5:00,86,0,0
Quezon Avenue,02/01/2024 6:00,0,0,0.31
Quezon Avenue,02/01/2024 7:00,94,32,1.5
Quezon Avenue,02/01/2024 8:00,66,234,0.67
Quezon Avenue,02/01/2024 9:00,71,53,0.49
Quezon Avenue,02/01/2024 10:00,332,0,0
Quezon Avenue,02/01/2024 11:00,73,96,0
Quezon Avenue,02/01/2024 12:00,37,42,0
Quezon Avenue,02/01/2024 13:00,44,95,0
Quezon Avenue,02/01/2024 14:00,0,13,0
Quezon Avenue,02/01/2024 15:00,39,0,0.86
Quezon Avenue,02/01/2024 16:00,36,279,0
Quezon Avenue,02/01/2024 17:00,10,200,0
Quezon Avenue,02/01/2024 18:00,57,98,1.78
Quezon Avenue,02/01/2024 19:00,0,178,0
Quezon Avenue,02/01/2024 20:00,98,133,0
Quezon Avenue,02/01/2024 21:00,0,0,0.12
Quezon Avenue,02/01/2024 22:00,171,94,3.59
Quezon Avenue,02/01/2024 23:00,0,39,2.29
Quezon Avenue,03/01/2024 0:00,217,0,0
Quezon Avenue,03/01/2024 1:00,145,0,1.83
Quezon Avenue,03/01/2024 2:00,180,104,0.01
Quezon Avenue,03/01/2024 3:00,270,0,0.24
Quezon Avenue,03/01/2024 4:00,126,0,0.18
Quezon Avenue,03/01/2024 5:00,102,197,1.91
Quezon Avenue,03/01/2024 6:00,0,163,0
Quezon Avenue,03/01/2024 7:00,66,82,0
Quezon Avenue,03/01/2024 8:00,40,128,2.33
Quezon Avenue,03/01/2024 9:00,54,183,0
Quezon Avenue,03/01/2024 10:00,78,1,2.18
Quezon Avenue,03/01/2024 11:00,189,0,0.91
Quezon Avenue,03/01/2024 12:00,0,165,0
Quezon Avenue,03/01/2024 13:00,58,0,2.88
Quezon Avenue,03/01/2024 14:00,14,74,1.01
Quezon Avenue,03/01/2024 15:00,0,102,0
Quezon Avenue,03/01/2024 16:00,201,0,1.63
Quezon Avenue,03/01/2024 17:00,189,183,0.53
Quezon Avenue,03/01/2024 18:00,0,80,0.7
Quezon Avenue,03/01/2024 19:00,15,39,0.04
Quezon Avenue,03/01/2024 20:00,0,101,0
Quezon Avenue,03/01/2024 21:00,108,8,3.89
Quezon Avenue,03/01/2024 22:00,0,27,0
Quezon Avenue,03/01/2024 23:00,113,1,3.01
Quezon Avenue,04/01/2024 0:00,0,0,1.6
Quezon Avenue,04/01/2024 1:00,0,76,2.62
Quezon Avenue,04/01/2024 2:00,14,0,0.07
Quezon Avenue,04/01/2024 3:00,30,57,0.19
Quezon Avenue,04/01/2024 4:00,89,178,0
Quezon Avenue,04/01/2024 5:00,23,117,0
Quezon Avenue,04/01/2024 6:00,185,0,2.41
Quezon Avenue,04/01/2024 7:00,0,24,0
Quezon Avenue,04/01/2024 8:00,0,0,0.92
Quezon Avenue,04/01/2024 9:00,0,14,0
Quezon Avenue,04/01/2024 10:00,0,34,1.56
Quezon Avenue,04/01/2024 11:00,190,144,0
Quezon Avenue,04/01/2024 12:00,135,71,0
Quezon Avenue,04/01/2024 13:00,137,96,2.83
Quezon Avenue,04/01/2024 14:00,47,43,0
Quezon Avenue,04/01/2024 15:00,82,0,0.72
Quezon Avenue,04/01/2024 16:00,0,183,3.71
Quezon Avenue,04/01/2024 17:00,0,0,0
Quezon Avenue,04/01/2024 18:00,134,18,1.61
Quezon Avenue,04/01/2024 19:00,44,148,0
Quezon Avenue,04/01/2024 20:00,171,106,2.77
Quezon Avenue,04/01/2024 21:00,74,282,0
Quezon Avenue,04/01/2024 22:00,32,18,0.39
Quezon Avenue,04/01/2024 23:00,0,56,3.1
Quezon Avenue,05/01/2024 0:00,8,122,0
Quezon Avenue,05/01/2024 1:00,137,0,0
Quezon Avenue,05/01/2024 2:00,0,0,1.35
Quezon Avenue,05/01/2024 3:00,206,157,0.74
Quezon Avenue,05/01/2024 4:00,110,26,1.53
Quezon Avenue,05/01/2024 5:00,0,16,0
Quezon Avenue,05/01/2024 6:00,24,199,1.3
Quezon Avenue,05/01/2024 7:00,33,0,1.55
Quezon Avenue,05/01/2024 8:00,250,1,4.25
Quezon Avenue,05/01/2024 9:00,0,25,2.67
Quezon Avenue,05/01/2024 10:00,110,0,2.85
Quezon Avenue,05/01/2024 11:00,24,0,0
Quezon Avenue,05/01/2024 12:00,6,74,2.38
Quezon Avenue,05/01/2024 13:00,99,0,0.09
Quezon Avenue,05/01/2024 14:00,0,28,3.41
Quezon Avenue,05/01/2024 15:00,0,214,1.66
Quezon Avenue,05/01/2024 16:00,0,37,1.98
Quezon Avenue,05/01/2024 17:00,61,49,0
Quezon Avenue,05/01/2024 18:00,47,0,0
Quezon Avenue,05/01/2024 19:00,133,9,1.28
Quezon Avenue,05/01/2024 20:00,58,0,0
Quezon Avenue,05/01/2024 21:00,36,263,0
Quezon Avenue,05/01/2024 22:00,0,0,2
Quezon Avenue,05/01/2024 23:00,5,0,0.52
Quezon Avenue,06/01/2024 0:00,114,0,0
Quezon Avenue,06/01/2024 1:00,44,70,0
Quezon Avenue,06/01/2024 2:00,0,63,0
Quezon Avenue,06/01/2024 3:00,70,152,0
Quezon Avenue,06/01/2024 4:00,81,112,0
Quezon Avenue,06/01/2024 5:00,0,97,0.18
Quezon Avenue,06/01/2024 6:00,36,0,0
Quezon Avenue,06/01/2024 7:00,110,79,1.97
Quezon Avenue,06/01/2024 8:00,110,216,0
Quezon Avenue,06/01/2024 9:00,176,182,4.35
Quezon Avenue,06/01/2024 10:00,211,0,0
Quezon Avenue,06/01/2024 11:00,0,259,0
Quezon Avenue,06/01/2024 12:00,102,67,0
Quezon Avenue,06/01/2024 13:00,253,92,0
Quezon Avenue,06/01/2024 14:00,0,116,0
Quezon Avenue,06/01/2024 15:00,69,95,4.25
Quezon Avenue,06/01/2024 16:00,0,58,0
Quezon Avenue,06/01/2024 17:00,31,107,0.48
Quezon Avenue,06/01/2024 18:00,55,196,0
Quezon Avenue,06/01/2024 19:00,285,78,0.34
Quezon Avenue,06/01/2024 20:00,86,90,0
Quezon Avenue,06/01/2024 21:00,233,125,0
Quezon Avenue,06/01/2024 22:00,294,219,1.89
Quezon Avenue,06/01/2024 23:00,0,108,0.32
Quezon Avenue,07/01/2024 0:00,0,0,0
Quezon Avenue,07/01/2024 1:00,151,77,2.1
Quezon Avenue,07/01/2024 2:00,178,31,0
Quezon Avenue,07/01/2024 3:00,0,153,0
Quezon Avenue,07/01/2024 4:00,67,0,0
Quezon Avenue,07/01/2024 5:00,0,12,0
Quezon Avenue,07/01/2024 6:00,6,0,0
Quezon Avenue,07/01/2024 7:00,0,24,2.25
Quezon Avenue,07/01/2024 8:00,16,125,4.65
Quezon Avenue,07/01/2024 9:00,17,57,2.39
Quezon Avenue,07/01/2024 10:00,0,51,2.31
Quezon Avenue,07/01/2024 11:00,167,100,0
Quezon Avenue,07/01/2024 12:00,24,0,0
Quezon Avenue,07/01/2024 13:00,149,46,0
Quezon Avenue,07/01/2024 14:00,152,25,2.07
Quezon Avenue,07/01/2024 15:00,100,0,0.04
Quezon Avenue,07/01/2024 16:00,109,0,0
Quezon Avenue,07/01/2024 17:00,42,82,1.42
Quezon Avenue,07/01/2024 18:00,121,118,0.5
Quezon Avenue,07/01/2024 19:00,30,0,2.03
Quezon Avenue,07/01/2024 20:00,53,28,0
Quezon Avenue,07/01/2024 21:00,216,17,0
Quezon Avenue,07/01/2024 22:00,0,121,2.48
Quezon Avenue,07/01/2024 23:00,270,67,0
Quezon Avenue,08/01/2024 0:00,37,0,0.11
Diliman,01/01/2024 0:00,57,147,0
Diliman,01/01/2024 1:00,35,94,0
Diliman,01/01/2024 2:00,45,105,0.44
Diliman,01/01/2024 3:00,0,73,0
Diliman,01/01/2024 4:00,9,0,0
Diliman,01/01/2024 5:00,189,163,1.16
Diliman,01/01/2024 6:00,117,129,2.03
Diliman,01/01/2024 7:00,0,0,0
Diliman,01/01/2024 8:00,64,0,2.02
Diliman,01/01/2024 9:00,84,0,0.56
Diliman,01/01/2024 10:00,15,146,0
Diliman,01/01/2024 11:00,0,0,0
Diliman,01/01/2024 12:00,0,157,0
Diliman,01/01/2024 13:00,0,99,0
Diliman,01/01/2024 14:00,134,0,0
Diliman,01/01/2024 15:00,150,87,1.02
Diliman,01/01/2024 16:00,178,18,1.47
Diliman,01/01/2024 17:00,0,0,0
Diliman,01/01/2024 18:00,18,0,0.55
Diliman,01/01/2024 19:00,166,0,0
Diliman,01/01/2024 20:00,105,15,0
Diliman,01/01/2024 21:00,0,66,0
Diliman,01/01/2024 22:00,77,0,0
Diliman,01/01/2024 23:00,0,96,0
Diliman,02/01/2024 0:00,0,0,0
Diliman,02/01/2024 1:00,43,30,0
Diliman,02/01/2024 2:00,14,0,1.74
Diliman,02/01/2024 3:00,0,0,0
Diliman,02/01/2024 4:00,0,103,0
Diliman,02/01/2024 5:00,190,129,3.8
Diliman,02/01/2024 6:00,0,0,2.03
Diliman,02/01/2024 7:00,11,55,0.43
Diliman,02/01/2024 8:00,118,167,0
Diliman,02/01/2024 9:00,0,194,4.39
Diliman,02/01/2024 10:00,46,122,0.99
Diliman,02/01/2024 11:00,0,0,0
Diliman,02/01/2024 12:00,87,92,2.07
Diliman,02/01/2024 13:00,117,41,1.42
Diliman,02/01/2024 14:00,0,252,0
Diliman,02/01/2024 15:00,140,145,2.31
Diliman,02/01/2024 16:00,0,142,0
Diliman,02/01/2024 17:00,0,0,0
Diliman,02/01/2024 18:00,11,93,0
Diliman,02/01/2024 19:00,109,33,1.59
Diliman,02/01/2024 20:00,39,0,0
Diliman,02/01/2024 21:00,0,0,0
Diliman,02/01/2024 22:00,46,77,1.69
Diliman,02/01/2024 23:00,0,0,0
Diliman,03/01/2024 0:00,34,13,0
Diliman,03/01/2024 1:00,218,24,4.25
Diliman,03/01/2024 2:00,29,142,0
Diliman,03/01/2024 3:00,187,0,0
Diliman,03/01/2024 4:00,149,0,3.77
Diliman,03/01/2024 5:00,117,130,0.24
Diliman,03/01/2024 6:00,148,0,0.58
Diliman,03/01/2024 7:00,91,173,0
Diliman,03/01/2024 8:00,71,87,1.07
Diliman,03/01/2024 9:00,93,0,1.84
Diliman,03/01/2024 10:00,163,102,0
Diliman,03/01/2024 11:00,113,0,2.04
Diliman,03/01/2024 12:00,24,162,0
Diliman,03/01/2024 13:00,0,27,0
Diliman,03/01/2024 14:00,150,51,0.56
Diliman,03/01/2024 15:00,221,106,0.75
Diliman,03/01/2024 16:00,218,0,3.03
Diliman,03/01/2024 17:00,111,46,0.38
Diliman,03/01/2024 18:00,0,187,1.44
Diliman,03/01/2024 19:00,27,29,1.75
Diliman,03/01/2024 20:00,44,13,1.4
Diliman,03/01/2024 21:00,7,47,1.17
Diliman,03/01/2024 22:00,45,55,1.15
Diliman,03/01/2024 23:00,0,0,0.75
Diliman,04/01/2024 0:00,0,23,2.82
Diliman,04/01/2024 1:00,19,33,1.64
Diliman,04/01/2024 2:00,0,135,0.98
Diliman,04/01/2024 3:00,159,18,0
Diliman,04/01/2024 4:00,48,48,1.77
Diliman,04/01/2024 5:00,41,0,2.01
Diliman,04/01/2024 6:00,83,1,0
Diliman,04/01/2024 7:00,0,0,0
Diliman,04/01/2024 8:00,8,71,0
Diliman,04/01/2024 9:00,0,19,0
Diliman,04/01/2024 10:00,62,39,1.46
Diliman,04/01/2024 11:00,0,0,0.31
Diliman,04/01/2024 12:00,175,9,1.28
Diliman,04/01/2024 13:00,0,84,0
Diliman,04/01/2024 14:00,0,0,0
Diliman,04/01/2024 15:00,66,150,0
Diliman,04/01/2024 16:00,63,152,0
Diliman,04/01/2024 17:00,0,0,0
Diliman,04/01/2024 18:00,140,91,0
Diliman,04/01/2024 19:00,0,210,1.83
Diliman,04/01/2024 20:00,275,3,6.02
Diliman,04/01/2024 21:00,103,308,0
Diliman,04/01/2024 22:00,64,5,0.43
Diliman,04/01/2024 23:00,0,9,0.73
Diliman,05/01/2024 0:00,40,119,0
Diliman,05/01/2024 1:00,0,19,0.1
Diliman,05/01/2024 2:00,32,0,0.14
Diliman,05/01/2024 3:00,190,0,0
Diliman,05/01/2024 4:00,42,0,0
Diliman,05/01/2024 5:00,147,0,2.33
Diliman,05/01/2024 6:00,0,0,0
Diliman,05/01/2024 7:00,68,115,0
Diliman,05/01/2024 8:00,0,75,0
Diliman,05/01/2024 9:00,204,86,1.96
Diliman,05/01/2024 10:00,0,210,0
Diliman,05/01/2024 11:00,221,53,0
Diliman,05/01/2024 12:00,107,83,0
Diliman,05/01/2024 13:00,101,130,0
Diliman,05/01/2024 14:00,0,0,1.04
Diliman,05/01/2024 15:00,0,11,0
Diliman,05/01/2024 16:00,13,42,2.41
Diliman,05/01/2024 17:00,0,137,0.54
Diliman,05/01/2024 18:00,240,12,0
Diliman,05/01/2024 19:00,216,0,1.03
Diliman,05/01/2024 20:00,20,164,0
Diliman,05/01/2024 21:00,0,114,0
Diliman,05/01/2024 22:00,14,111,0
Diliman,05/01/2024 23:00,12,30,0
Diliman,06/01/2024 0:00,5,0,0.24
Diliman,06/01/2024 1:00,73,155,1.04
Diliman,06/01/2024 2:00,0,125,0
Diliman,06/01/2024 3:00,0,116,0.06
Diliman,06/01/2024 4:00,0,0,0
Diliman,06/01/2024 5:00,3,11,0
Diliman,06/01/2024 6:00,0,0,0
Diliman,06/01/2024 7:00,170,151,2.62
Diliman,06/01/2024 8:00,0,32,2.14
Diliman,06/01/2024 9:00,99,0,3.32
Diliman,06/01/2024 10:00,77,101,0
Diliman,06/01/2024 11:00,279,0,0
Diliman,06/01/2024 12:00,18,43,0
Diliman,06/01/2024 13:00,0,0,2.19
Diliman,06/01/2024 14:00,74,36,0
Diliman,06/01/2024 15:00,91,236,0.17
Diliman,06/01/2024 16:00,82,73,0
Diliman,06/01/2024 17:00,150,0,0
Diliman,06/01/2024 18:00,62,36,0
Diliman,06/01/2024 19:00,139,4,0
Diliman,06/01/2024 20:00,0,0,4.22
Diliman,06/01/2024 21:00,8,0,0
Diliman,06/01/2024 22:00,0,21,0
Diliman,06/01/2024 23:00,112,94,3.04
Diliman,07/01/2024 0:00,16,16,1.46
Diliman,07/01/2024 1:00,32,182,0.55
Diliman,07/01/2024 2:00,19,129,2.15
Diliman,07/01/2024 3:00,21,0,0
Diliman,07/01/2024 4:00,0,30,1.18
Diliman,07/01/2024 5:00,30,0,0.85
Diliman,07/01/2024 6:00,168,71,0
Diliman,07/01/2024 7:00,0,0,1.28
Diliman,07/01/2024 8:00,28,144,0
Diliman,07/01/2024 9:00,0,92,1.38
Diliman,07/01/2024 10:00,0,109,0
Diliman,07/01/2024 11:00,19,94,0
Diliman,07/01/2024 12:00,48,0,0.62
Diliman,07/01/2024 13:00,94,53,0
Diliman,07/01/2024 14:00,136,0,0
Diliman,07/01/2024 15:00,0,61,0.6
Diliman,07/01/2024 16:00,0,150,1.51
Diliman,07/01/2024 17:00,169,58,0
Diliman,07/01/2024 18:00,115,0,0.88
Diliman,07/01/2024 19:00,87,324,0
Diliman,07/01/2024 20:00,0,206,0
Diliman,07/01/2024 21:00,135,0,0
Diliman,07/01/2024 22:00,18,180,0.07
Diliman,07/01/2024 23:00,88,0,2.87
Diliman,08/01/2024 0:00,199,169,0
Cubao,01/01/2024 0:00,229,0,2.38
Cubao,01/01/2024 1:00,0,17,0
Cubao,01/01/2024 2:00,0,87,2.43
Cubao,01/01/2024 3:00,0,63,0
Cubao,01/01/2024 4:00,54,0,0
Cubao,01/01/2024 5:00,0,146,0
Cubao,01/01/2024 6:00,120,0,0
Cubao,01/01/2024 7:00,67,126,0
Cubao,01/01/2024 8:00,166,71,6.72
Cubao,01/01/2024 9:00,64,111,1.2
Cubao,01/01/2024 10:00,50,17,0.16
Cubao,01/01/2024 11:00,84,1,0
Cubao,01/01/2024 12:00,78,83,0
Cubao,01/01/2024 13:00,172,31,0
Cubao,01/01/2024 14:00,61,137,0.76
Cubao,01/01/2024 15:00,0,0,0.14
Cubao,01/01/2024 16:00,51,50,0.4
Cubao,01/01/2024 17:00,116,0,1.57
Cubao,01/01/2024 18:00,0,117,0
Cubao,01/01/2024 19:00,11,23,3.63
Cubao,01/01/2024 20:00,105,0,0
Cubao,01/01/2024 21:00,152,0,1.1
Cubao,01/01/2024 22:00,76,146,0.47
Cubao,01/01/2024 23:00,0,0,0
Cubao,02/01/2024 0:00,0,15,1.73
Cubao,02/01/2024 1:00,100,204,1
Cubao,02/01/2024 2:00,0,54,0
Cubao,02/01/2024 3:00,87,64,0.2
Cubao,02/01/2024 4:00,0,132,0
Cubao,02/01/2024 5:00,101,114,0
Cubao,02/01/2024 6:00,0,92,0
Cubao,02/01/2024 7:00,61,46,0
Cubao,02/01/2024 8:00,0,100,0
Cubao,02/01/2024 9:00,0,46,0
Cubao,02/01/2024 10:00,235,0,0.14
Cubao,02/01/2024 11:00,0,116,0.55
Cubao,02/01/2024 12:00,104,0,1.13
Cubao,02/01/2024 13:00,54,37,0.43
Cubao,02/01/2024 14:00,0,33,0.72
Cubao,02/01/2024 15:00,0,138,0
Cubao,02/01/2024 16:00,38,192,2.96
Cubao,02/01/2024 17:00,143,0,2.45
Cubao,02/01/2024 18:00,94,2,0.76
Cubao,02/01/2024 19:00,0,13,0
Cubao,02/01/2024 20:00,118,38,1.66
Cubao,02/01/2024 21:00,17,65,2.78
Cubao,02/01/2024 22:00,27,0,0
Cubao,02/01/2024 23:00,0,0,1.42
Cubao,03/01/2024 0:00,144,1,0
Cubao,03/01/2024 1:00,118,178,0
Cubao,03/01/2024 2:00,177,0,0
Cubao,03/01/2024 3:00,129,0,3.04
Cubao,03/01/2024 4:00,127,0,2.23
Cubao,03/01/2024 5:00,83,258,1.1
Cubao,03/01/2024 6:00,0,148,2.19
Cubao,03/01/2024 7:00,0,0,2.45
Cubao,03/01/2024 8:00,0,31,0
Cubao,03/01/2024 9:00,0,0,0
Cubao,03/01/2024 10:00,0,0,0
Cubao,03/01/2024 11:00,83,0,0
Cubao,03/01/2024 12:00,0,95,2.3
Cubao,03/01/2024 13:00,101,233,1.13
Cubao,03/01/2024 14:00,141,0,2.28
Cubao,03/01/2024 15:00,2,81,1.38
Cubao,03/01/2024 16:00,14,48,1.08
Cubao,03/01/2024 17:00,131,78,0
Cubao,03/01/2024 18:00,37,184,0.64
Cubao,03/01/2024 19:00,41,30,0
Cubao,03/01/2024 20:00,246,115,0
Cubao,03/01/2024 21:00,128,42,1.82
Cubao,03/01/2024 22:00,56,79,0
Cubao,03/01/2024 23:00,94,18,0
Cubao,04/01/2024 0:00,161,0,2.1
Cubao,04/01/2024 1:00,0,117,0
Cubao,04/01/2024 2:00,0,0,3.15
Cubao,04/01/2024 3:00,0,124,0.61
Cubao,04/01/2024 4:00,0,0,0
Cubao,04/01/2024 5:00,86,84,0
Cubao,04/01/2024 6:00,62,0,2.05
Cubao,04/01/2024 7:00,102,143,0
Cubao,04/01/2024 8:00,111,83,0
Cubao,04/01/2024 9:00,132,146,1.88
Cubao,04/01/2024 10:00,134,86,2.69
Cubao,04/01/2024 11:00,106,89,0
Cubao,04/01/2024 12:00,85,0,0.74
Cubao,04/01/2024 13:00,81,131,0
Cubao,04/01/2024 14:00,0,200,0.45
Cubao,04/01/2024 15:00,103,45,0
Cubao,04/01/2024 16:00,0,189,0.55
Cubao,04/01/2024 17:00,0,63,0
Cubao,04/01/2024 18:00,7,332,0
Cubao,04/01/2024 19:00,0,26,0
Cubao,04/01/2024 20:00,111,101,0
Cubao,04/01/2024 21:00,3,63,0
Cubao,04/01/2024 22:00,41,0,0
Cubao,04/01/2024 23:00,0,38,1.6
Cubao,05/01/2024 0:00,0,124,2.61
Cubao,05/01/2024 1:00,92,50,1.2
Cubao,05/01/2024 2:00,0,165,0
Cubao,05/01/2024 3:00,0,96,1.52
Cubao,05/01/2024 4:00,172,0,1.73
Cubao,05/01/2024 5:00,176,46,3.35
Cubao,05/01/2024 6:00,31,32,2.52
Cubao,05/01/2024 7:00,101,221,0
Cubao,05/01/2024 8:00,98,120,0
Cubao,05/01/2024 9:00,59,133,0
Cubao,05/01/2024 10:00,140,0,0
Cubao,05/01/2024 11:00,229,0,0
Cubao,05/01/2024 12:00,151,0,2.08
Cubao,05/01/2024 13:00,0,106,0
Cubao,05/01/2024 14:00,66,0,0
Cubao,05/01/2024 15:00,0,168,0
Cubao,05/01/2024 16:00,23,123,3.05
Cubao,05/01/2024 17:00,34,0,0
Cubao,05/01/2024 18:00,16,0,0.26
Cubao,05/01/2024 19:00,88,105,0
Cubao,05/01/2024 20:00,345,10,2.16
Cubao,05/01/2024 21:00,0,93,0.01
Cubao,05/01/2024 22:00,0,0,0
Cubao,05/01/2024 23:00,39,22,0
Cubao,06/01/2024 0:00,10,0,0
Cubao,06/01/2024 1:00,91,0,1.39
Cubao,06/01/2024 2:00,43,129,0.47
Cubao,06/01/2024 3:00,26,121,0
Cubao,06/01/2024 4:00,0,126,0
Cubao,06/01/2024 5:00,188,0,0
Cubao,06/01/2024 6:00,122,55,0.29
Cubao,06/01/2024 7:00,97,201,0
Cubao,06/01/2024 8:00,41,75,0
Cubao,06/01/2024 9:00,248,22,0
Cubao,06/01/2024 10:00,106,36,3.66
Cubao,06/01/2024 11:00,51,49,2
Cubao,06/01/2024 12:00,136,0,0.04
Cubao,06/01/2024 13:00,66,28,0.82
Cubao,06/01/2024 14:00,178,0,0.79
Cubao,06/01/2024 15:00,53,43,0
Cubao,06/01/2024 16:00,155,0,0
Cubao,06/01/2024 17:00,140,43,0
Cubao,06/01/2024 18:00,0,0,0
Cubao,06/01/2024 19:00,84,0,2.49
Cubao,06/01/2024 20:00,72,100,2.02
Cubao,06/01/2024 21:00,29,0,0.69
Cubao,06/01/2024 22:00,0,54,0
Cubao,06/01/2024 23:00,0,21,0
Cubao,07/01/2024 0:00,172,138,0
Cubao,07/01/2024 1:00,142,6,0
Cubao,07/01/2024 2:00,0,132,0
Cubao,07/01/2024 3:00,37,33,0
Cubao,07/01/2024 4:00,169,0,0
Cubao,07/01/2024 5:00,114,0,0
Cubao,07/01/2024 6:00,95,218,0.64
Cubao,07/01/2024 7:00,38,78,0
Cubao,07/01/2024 8:00,0,163,0
Cubao,07/01/2024 9:00,169,153,0
Cubao,07/01/2024 10:00,0,0,1.42
Cubao,07/01/2024 11:00,328,0,0.81
Cubao,07/01/2024 12:00,0,48,0.44
Cubao,07/01/2024 13:00,86,35,0.91
Cubao,07/01/2024 14:00,44,103,0
Cubao,07/01/2024 15:00,0,67,0
Cubao,07/01/2024 16:00,17,54,0.33
Cubao,07/01/2024 17:00,185,0,0
Cubao,07/01/2024 18:00,89,233,0.69
Cubao,07/01/2024 19:00,0,0,2.6
Cubao,07/01/2024 20:00,69,0,0.54
Cubao,07/01/2024 21:00,0,37,1.8
Cubao,07/01/2024 22:00,30,51,0.14
Cubao,07/01/2024 23:00,209,131,0
Cubao,08/01/2024 0:00,234,94,0
Ortigas,01/01/2024 0:00,31,63,0.91
Ortigas,01/01/2024 1:00,0,0,0
Ortigas,01/01/2024 2:00,0,16,0
Ortigas,01/01/2024 3:00,52,258,3.22
Ortigas,01/01/2024 4:00,141,0,0
Ortigas,01/01/2024 5:00,114,0,0
Ortigas,01/01/2024 6:00,57,57,0
Ortigas,01/01/2024 7:00,15,4,1.42
Ortigas,01/01/2024 8:00,69,0,0
Ortigas,01/01/2024 9:00,72,44,2.92
Ortigas,01/01/2024 10:00,38,0,1.67
Ortigas,01/01/2024 11:00,22,126,2.04
Ortigas,01/01/2024 12:00,0,56,0.29
Ortigas,01/01/2024 13:00,32,90,1.22
Ortigas,01/01/2024 14:00,30,0,1.05
Ortigas,01/01/2024 15:00,0,184,0
Ortigas,01/01/2024 16:00,0,3,0
Ortigas,01/01/2024 17:00,248,71,3.77
Ortigas,01/01/2024 18:00,129,0,4.36
Ortigas,01/01/2024 19:00,0,103,0
Ortigas,01/01/2024 20:00,50,42,0
Ortigas,01/01/2024 21:00,0,0,0
Ortigas,01/01/2024 22:00,0,21,1.65
Ortigas,01/01/2024 23:00,25,185,0
Ortigas,02/01/2024 0:00,31,52,0.82
Ortigas,02/01/2024 1:00,108,116,4.47
Ortigas,02/01/2024 2:00,187,34,0
Ortigas,02/01/2024 3:00,0,70,0
Ortigas,02/01/2024 4:00,110,158,0.05
Ortigas,02/01/2024 5:00,48,199,2.34
Ortigas,02/01/2024 6:00,225,0,0
Ortigas,02/01/2024 7:00,55,0,0
Ortigas,02/01/2024 8:00,150,16,0.67
Ortigas,02/01/2024 9:00,79,0,0
Ortigas,02/01/2024 10:00,62,74,0
Ortigas,02/01/2024 11:00,162,3,0
Ortigas,02/01/2024 12:00,65,0,0
Ortigas,02/01/2024 13:00,0,134,0
Ortigas,02/01/2024 14:00,0,111,0
Ortigas,02/01/2024 15:00,157,72,0.72
Ortigas,02/01/2024 16:00,283,0,0
Ortigas,02/01/2024 17:00,0,39,0
Ortigas,02/01/2024 18:00,36,37,0
Ortigas,02/01/2024 19:00,92,0,0
Ortigas,02/01/2024 20:00,0,0,0.45
Ortigas,02/01/2024 21:00,151,178,0.16
Ortigas,02/01/2024 22:00,138,64,0
Ortigas,02/01/2024 23:00,42,83,0
Ortigas,03/01/2024 0:00,0,0,0
Ortigas,03/01/2024 1:00,0,69,2.85
Ortigas,03/01/2024 2:00,0,102,0
Ortigas,03/01/2024 3:00,150,0,1.25
Ortigas,03/01/2024 4:00,103,0,5
Ortigas,03/01/2024 5:00,50,52,0
Ortigas,03/01/2024 6:00,72,72,1.44
Ortigas,03/01/2024 7:00,287,23,1.43
Ortigas,03/01/2024 8:00,89,187,0
Ortigas,03/01/2024 9:00,11,146,2.27
Ortigas,03/01/2024 10:00,0,0,2.57
Ortigas,03/01/2024 11:00,10,118,0
Ortigas,03/01/2024 12:00,0,0,4.49
Ortigas,03/01/2024 13:00,222,0,2.04
Ortigas,03/01/2024 14:00,93,29,1.83
Ortigas,03/01/2024 15:00,0,191,0
Ortigas,03/01/2024 16:00,0,173,0
Ortigas,03/01/2024 17:00,70,0,0.11
Ortigas,03/01/2024 18:00,13,0,0
Ortigas,03/01/2024 19:00,0,0,0
Ortigas,03/01/2024 20:00,149,59,0
Ortigas,03/01/2024 21:00,0,70,1.79
Ortigas,03/01/2024 22:00,30,28,2.27
Ortigas,03/01/2024 23:00,130,49,0
Ortigas,04/01/2024 0:00,133,34,0
Ortigas,04/01/2024 1:00,124,196,0.68
Ortigas,04/01/2024 2:00,0,18,0.56
Ortigas,04/01/2024 3:00,0,137,0
Ortigas,04/01/2024 4:00,1,39,2.91
Ortigas,04/01/2024 5:00,112,0,2.07
Ortigas,04/01/2024 6:00,0,0,0.42
Ortigas,04/01/2024 7:00,207,76,0.57
Ortigas,04/01/2024 8:00,260,63,0.4
Ortigas,04/01/2024 9:00,5,30,0
Ortigas,04/01/2024 10:00,0,0,0.39
Ortigas,04/01/2024 11:00,88,0,0
Ortigas,04/01/2024 12:00,36,144,2.12
Ortigas,04/01/2024 13:00,31,179,0.49
Ortigas,04/01/2024 14:00,0,82,0
Ortigas,04/01/2024 15:00,0,221,2.82
Ortigas,04/01/2024 16:00,62,122,0
Ortigas,04/01/2024 17:00,0,0,1.67
Ortigas,04/01/2024 18:00,155,0,0
Ortigas,04/01/2024 19:00,0,30,0
Ortigas,04/01/2024 20:00,41,85,2.37
Ortigas,04/01/2024 21:00,58,140,0
Ortigas,04/01/2024 22:00,0,122,0.85
Ortigas,04/01/2024 23:00,161,84,0
Ortigas,05/01/2024 0:00,91,0,5.03
Ortigas,05/01/2024 1:00,0,0,0
Ortigas,05/01/2024 2:00,150,96,0.34
Ortigas,05/01/2024 3:00,165,0,0
Ortigas,05/01/2024 4:00,0,138,0
Ortigas,05/01/2024 5:00,0,0,0.82
Ortigas,05/01/2024 6:00,110,124,0
Ortigas,05/01/2024 7:00,245,67,1.55
Ortigas,05/01/2024 8:00,124,66,0
Ortigas,05/01/2024 9:00,0,24,0
Ortigas,05/01/2024 10:00,0,132,2.4
Ortigas,05/01/2024 11:00,0,94,0
Ortigas,05/01/2024 12:00,40,0,0
Ortigas,05/01/2024 13:00,108,181,0
Ortigas,05/01/2024 14:00,121,0,0.7
Ortigas,05/01/2024 15:00,159,157,0
Ortigas,05/01/2024 16:00,55,127,2.27
Ortigas,05/01/2024 17:00,203,0,0.47
Ortigas,05/01/2024 18:00,0,0,3.92
Ortigas,05/01/2024 19:00,23,135,0
Ortigas,05/01/2024 20:00,0,50,0
Ortigas,05/01/2024 21:00,40,125,0
Ortigas,05/01/2024 22:00,38,147,0
Ortigas,05/01/2024 23:00,1,48,1.03
Ortigas,06/01/2024 0:00,0,0,0.01
Ortigas,06/01/2024 1:00,39,0,2.36
Ortigas,06/01/2024 2:00,0,0,0.55
Ortigas,06/01/2024 3:00,0,173,0.96
Ortigas,06/01/2024 4:00,102,55,0.07
Ortigas,06/01/2024 5:00,193,203,0
Ortigas,06/01/2024 6:00,43,168,2.74
Ortigas,06/01/2024 7:00,22,0,0
Ortigas,06/01/2024 8:00,114,106,0
Ortigas,06/01/2024 9:00,94,0,3.72
Ortigas,06/01/2024 10:00,127,0,2.24
Ortigas,06/01/2024 11:00,105,128,0
Ortigas,06/01/2024 12:00,0,0,0
Ortigas,06/01/2024 13:00,156,0,4.4
Ortigas,06/01/2024 14:00,0,0,1.01
Ortigas,06/01/2024 15:00,0,61,3.52
Ortigas,06/01/2024 16:00,174,149,2.71
Ortigas,06/01/2024 17:00,181,205,1.69
Ortigas,06/01/2024 18:00,123,107,0
Ortigas,06/01/2024 19:00,0,155,2.68
Ortigas,06/01/2024 20:00,190,0,0
Ortigas,06/01/2024 21:00,140,117,1.56
Ortigas,06/01/2024 22:00,11,36,0
Ortigas,06/01/2024 23:00,183,0,1.52
Ortigas,07/01/2024 0:00,29,201,0
Ortigas,07/01/2024 1:00,0,0,0
Ortigas,07/01/2024 2:00,78,0,0
Ortigas,07/01/2024 3:00,0,0,2.15
Ortigas,07/01/2024 4:00,72,0,0.78
Ortigas,07/01/2024 5:00,68,144,0
Ortigas,07/01/2024 6:00,157,0,1.85
Ortigas,07/01/2024 7:00,234,0,0
Ortigas,07/01/2024 8:00,0,217,0
Ortigas,07/01/2024 9:00,140,38,0
Ortigas,07/01/2024 10:00,0,132,0.72
Ortigas,07/01/2024 11:00,80,116,0.44
Ortigas,07/01/2024 12:00,115,131,0
Ortigas,07/01/2024 13:00,107,74,0
Ortigas,07/01/2024 14:00,0,100,1.04
Ortigas,07/01/2024 15:00,137,7,2.68
Ortigas,07/01/2024 16:00,26,89,1.14
Ortigas,07/01/2024 17:00,129,0,3.1
Ortigas,07/01/2024 18:00,70,0,0.76
Ortigas,07/01/2024 19:00,146,173,0
Ortigas,07/01/2024 20:00,72,0,3.14
Ortigas,07/01/2024 21:00,55,27,0
Ortigas,07/01/2024 22:00,2,2,0
Ortigas,07/01/2024 23:00,0,78,0
Ortigas,08/01/2024 0:00,100,27,1.12
Shaw,01/01/2024 0:00,0,168,0.65
Shaw,01/01/2024 1:00,0,161,0
Shaw,01/01/2024 2:00,215,0,0
Shaw,01/01/2024 3:00,46,194,1.07
Shaw,01/01/2024 4:00,0,0,1.82
Shaw,01/01/2024 5:00,48,2,0
Shaw,01/01/2024 6:00,103,0,2.7
Shaw,01/01/2024 7:00,35,188,0
Shaw,01/01/2024 8:00,0,112,1.94
Shaw,01/01/2024 9:00,0,0,0
Shaw,01/01/2024 10:00,75,221,4.16
Shaw,01/01/2024 11:00,2,127,0
Shaw,01/01/2024 12:00,1,110,0
Shaw,01/01/2024 13:00,0,0,0
Shaw,01/01/2024 14:00,0,0,1.21
Shaw,01/01/2024 15:00,0,9,0.82
Shaw,01/01/2024 16:00,127,0,0.2
Shaw,01/01/2024 17:00,202,78,3.11
Shaw,01/01/2024 18:00,79,0,1.7
Shaw,01/01/2024 19:00,100,211,0
Shaw,01/01/2024 20:00,0,158,0
Shaw,01/01/2024 21:00,0,132,0
Shaw,01/01/2024 22:00,4,166,0.93
Shaw,01/01/2024 23:00,40,237,0
Shaw,02/01/2024 0:00,0,70,0
Shaw,02/01/2024 1:00,46,0,0
Shaw,02/01/2024 2:00,215,151,4.4
Shaw,02/01/2024 3:00,0,99,1.85
Shaw,02/01/2024 4:00,0,67,0
Shaw,02/01/2024 5:00,1,43,0.18
Shaw,02/01/2024 6:00,0,27,0
Shaw,02/01/2024 7:00,0,84,3.47
Shaw,02/01/2024 8:00,3,55,2.54
Shaw,02/01/2024 9:00,99,96,0
Shaw,02/01/2024 10:00,44,0,0.76
Shaw,02/01/2024 11:00,47,0,0.52
Shaw,02/01/2024 12:00,198,0,0
Shaw,02/01/2024 13:00,40,0,0
Shaw,02/01/2024 14:00,0,0,1.16
Shaw,02/01/2024 15:00,50,170,2.17
Shaw,02/01/2024 16:00,63,100,0
Shaw,02/01/2024 17:00,0,176,0
Shaw,02/01/2024 18:00,0,0,0
Shaw,02/01/2024 19:00,95,57,1.29
Shaw,02/01/2024 20:00,44,66,0
Shaw,02/01/2024 21:00,35,105,0
Shaw,02/01/2024 22:00,0,0,0
Shaw,02/01/2024 23:00,146,215,2.57
Shaw,03/01/2024 0:00,0,0,0
Shaw,03/01/2024 1:00,99,160,0
Shaw,03/01/2024 2:00,0,173,1.25
Shaw,03/01/2024 3:00,188,30,0
Shaw,03/01/2024 4:00,0,96,0
Shaw,03/01/2024 5:00,157,0,0
Shaw,03/01/2024 6:00,208,0,0
Shaw,03/01/2024 7:00,0,0,0
Shaw,03/01/2024 8:00,15,84,0
Shaw,03/01/2024 9:00,0,0,0
Shaw,03/01/2024 10:00,226,38,0.64
Shaw,03/01/2024 11:00,0,162,0
Shaw,03/01/2024 12:00,0,166,0
Shaw,03/01/2024 13:00,0,59,0.87
Shaw,03/01/2024 14:00,0,211,0.54
Shaw,03/01/2024 15:00,71,0,0
Shaw,03/01/2024 16:00,221,120,0
Shaw,03/01/2024 17:00,151,33,0.1
Shaw,03/01/2024 18:00,0,71,0
Shaw,03/01/2024 19:00,250,114,0
Shaw,03/01/2024 20:00,14,0,2.15
Shaw,03/01/2024 21:00,0,46,1.61
Shaw,03/01/2024 22:00,29,8,1.06
Shaw,03/01/2024 23:00,66,0,0
Shaw,04/01/2024 0:00,0,7,1.52
Shaw,04/01/2024 1:00,68,148,0
Shaw,04/01/2024 2:00,15,0,1.82
Shaw,04/01/2024 3:00,159,146,0
Shaw,04/01/2024 4:00,172,0,1.62
Shaw,04/01/2024 5:00,19,257,2.2
Shaw,04/01/2024 6:00,0,19,0
Shaw,04/01/2024 7:00,167,421,0
Shaw,04/01/2024 8:00,3,0,0
Shaw,04/01/2024 9:00,41,0,0.04
Shaw,04/01/2024 10:00,72,0,0
Shaw,04/01/2024 11:00,91,144,1.49
Shaw,04/01/2024 12:00,102,0,0
Shaw,04/01/2024 13:00,116,128,0.29
Shaw,04/01/2024 14:00,62,90,1.29
Shaw,04/01/2024 15:00,83,0,2.09
Shaw,04/01/2024 16:00,0,0,0
Shaw,04/01/2024 17:00,0,144,0
Shaw,04/01/2024 18:00,162,74,0.88
Shaw,04/01/2024 19:00,0,0,0.01
Shaw,04/01/2024 20:00,0,163,1.72
Shaw,04/01/2024 21:00,8,0,0
Shaw,04/01/2024 22:00,0,53,2.9
Shaw,04/01/2024 23:00,28,0,0.18
Shaw,05/01/2024 0:00,86,0,0
Shaw,05/01/2024 1:00,25,0,0
Shaw,05/01/2024 2:00,20,119,0
Shaw,05/01/2024 3:00,163,62,0.02
Shaw,05/01/2024 4:00,58,0,0
Shaw,05/01/2024 5:00,0,40,0
Shaw,05/01/2024 6:00,0,93,0
Shaw,05/01/2024 7:00,0,0,2.52
Shaw,05/01/2024 8:00,0,0,0
Shaw,05/01/2024 9:00,106,112,6.01
Shaw,05/01/2024 10:00,108,47,0.21
Shaw,05/01/2024 11:00,0,0,0
Shaw,05/01/2024 12:00,0,90,2.07
Shaw,05/01/2024 13:00,113,0,0
Shaw,05/01/2024 14:00,158,46,0
Shaw,05/01/2024 15:00,87,14,0.63
Shaw,05/01/2024 16:00,24,0,0
Shaw,05/01/2024 17:00,0,53,0.27
Shaw,05/01/2024 18:00,50,240,1.69
Shaw,05/01/2024 19:00,80,73,1.4
Shaw,05/01/2024 20:00,168,25,0.03
Shaw,05/01/2024 21:00,46,99,0
Shaw,05/01/2024 22:00,0,0,2.52
Shaw,05/01/2024 23:00,131,114,2.52
Shaw,06/01/2024 0:00,28,0,1.37
Shaw,06/01/2024 1:00,0,33,1.99
Shaw,06/01/2024 2:00,0,0,0.85
Shaw,06/01/2024 3:00,83,57,0
Shaw,06/01/2024 4:00,89,32,0.43
Shaw,06/01/2024 5:00,0,148,0
Shaw,06/01/2024 6:00,263,22,0
Shaw,06/01/2024 7:00,0,0,0
Shaw,06/01/2024 8:00,0,0,0
Shaw,06/01/2024 9:00,103,34,1.22
Shaw,06/01/2024 10:00,123,104,0
Shaw,06/01/2024 11:00,0,0,0
Shaw,06/01/2024 12:00,178,83,0
Shaw,06/01/2024 13:00,0,0,1.31
Shaw,06/01/2024 14:00,0,106,0
Shaw,06/01/2024 15:00,41,270,1.15
Shaw,06/01/2024 16:00,58,0,0
Shaw,06/01/2024 17:00,38,167,0
Shaw,06/01/2024 18:00,0,22,0
Shaw,06/01/2024 19:00,72,137,0
Shaw,06/01/2024 20:00,191,140,0
Shaw,06/01/2024 21:00,74,185,4.91
Shaw,06/01/2024 22:00,24,0,0
Shaw,06/01/2024 23:00,0,0,0.16
Shaw,07/01/2024 0:00,72,3,1.32
Shaw,07/01/2024 1:00,75,187,1.16
Shaw,07/01/2024 2:00,30,0,1.4
Shaw,07/01/2024 3:00,28,296,0
Shaw,07/01/2024 4:00,253,69,0
Shaw,07/01/2024 5:00,37,165,3.14
Shaw,07/01/2024 6:00,42,59,0
Shaw,07/01/2024 7:00,41,9,0
Shaw,07/01/2024 8:00,179,0,0
Shaw,07/01/2024 9:00,26,0,0.14
Shaw,07/01/2024 10:00,0,40,0.03
Shaw,07/01/2024 11:00,239,159,0.75
Shaw,07/01/2024 12:00,83,55,4.4
Shaw,07/01/2024 13:00,0,0,0
Shaw,07/01/2024 14:00,0,138,0.21
Shaw,07/01/2024 15:00,0,153,3.56
Shaw,07/01/2024 16:00,54,0,0
Shaw,07/01/2024 17:00,16,148,0
Shaw,07/01/2024 18:00,0,193,0
Shaw,07/01/2024 19:00,32,85,0
Shaw,07/01/2024 20:00,0,98,4.84
Shaw,07/01/2024 21:00,32,110,0.43
Shaw,07/01/2024 22:00,100,161,0
Shaw,07/01/2024 23:00,120,216,0
Shaw,08/01/2024 0:00,11,60,1.1
Mandaluyong,01/01/2024 0:00,80,111,0.55
Mandaluyong,01/01/2024 1:00,42,0,0
Mandaluyong,01/01/2024 2:00,34,38,0
Mandaluyong,01/01/2024 3:00,82,2,3.86
Mandaluyong,01/01/2024 4:00,66,183,1.31
Mandaluyong,01/01/2024 5:00,121,17,0.69
Mandaluyong,01/01/2024 6:00,109,78,3.5
Mandaluyong,01/01/2024 7:00,30,64,1.59
Mandaluyong,01/01/2024 8:00,50,0,0
Mandaluyong,01/01/2024 9:00,116,72,0.66
Mandaluyong,01/01/2024 10:00,21,178,2.92
Mandaluyong,01/01/2024 11:00,10,15,0
Mandaluyong,01/01/2024 12:00,24,64,1.87
Mandaluyong,01/01/2024 13:00,0,0,0
Mandaluyong,01/01/2024 14:00,28,0,0
Mandaluyong,01/01/2024 15:00,153,0,1
Mandaluyong,01/01/2024 16:00,0,52,3.61
Mandaluyong,01/01/2024 17:00,0,100,0.01
Mandaluyong,01/01/2024 18:00,64,0,0
Mandaluyong,01/01/2024 19:00,0,138,1.19
Mandaluyong,01/01/2024 20:00,36,27,1.01
Mandaluyong,01/01/2024 21:00,99,0,0
Mandaluyong,01/01/2024 22:00,82,0,0
Mandaluyong,01/01/2024 23:00,0,0,1.03
Mandaluyong,02/01/2024 0:00,0,112,1.08
Mandaluyong,02/01/2024 1:00,115,71,1.06
Mandaluyong,02/01/2024 2:00,64,99,0
Mandaluyong,02/01/2024 3:00,0,19,0
Mandaluyong,02/01/2024 4:00,24,42,0
Mandaluyong,02/01/2024 5:00,61,0,1.53
Mandaluyong,02/01/2024 6:00,0,0,0.89
Mandaluyong,02/01/2024 7:00,52,143,0
Mandaluyong,02/01/2024 8:00,143,150,0
Mandaluyong,02/01/2024 9:00,266,102,0
Mandaluyong,02/01/2024 10:00,213,1,0
Mandaluyong,02/01/2024 11:00,51,46,0
Mandaluyong,02/01/2024 12:00,116,0,1.59
Mandaluyong,02/01/2024 13:00,0,55,1.8
Mandaluyong,02/01/2024 14:00,68,0,0
Mandaluyong,02/01/2024 15:00,0,4,2.24
Mandaluyong,02/01/2024 16:00,155,72,0.07
Mandaluyong,02/01/2024 17:00,0,0,1.17
Mandaluyong,02/01/2024 18:00,47,80,0
Mandaluyong,02/01/2024 19:00,0,0,0
Mandaluyong,02/01/2024 20:00,0,216,0
Mandaluyong,02/01/2024 21:00,16,107,3.5
Mandaluyong,02/01/2024 22:00,101,129,0
Mandaluyong,02/01/2024 23:00,149,0,0.19
Mandaluyong,03/01/2024 0:00,0,0,1.79
Mandaluyong,03/01/2024 1:00,81,14,0
Mandaluyong,03/01/2024 2:00,210,11,2.68
Mandaluyong,03/01/2024 3:00,0,196,0.91
Mandaluyong,03/01/2024 4:00,38,48,2.12
Mandaluyong,03/01/2024 5:00,72,137,1.25
Mandaluyong,03/01/2024 6:00,0,20,1.82
Mandaluyong,03/01/2024 7:00,14,34,0.91
Mandaluyong,03/01/2024 8:00,234,63,0
Mandaluyong,03/01/2024 9:00,0,152,0.66
Mandaluyong,03/01/2024 10:00,160,0,0
Mandaluyong,03/01/2024 11:00,152,104,1.97
Mandaluyong,03/01/2024 12:00,0,13,0
Mandaluyong,03/01/2024 13:00,0,123,0.24
Mandaluyong,03/01/2024 14:00,202,0,0
Mandaluyong,03/01/2024 15:00,132,136,0.96
Mandaluyong,03/01/2024 16:00,30,31,0.75
Mandaluyong,03/01/2024 17:00,107,0,2.38
Mandaluyong,03/01/2024 18:00,93,55,0
Mandaluyong,03/01/2024 19:00,184,198,3.38
Mandaluyong,03/01/2024 20:00,79,0,0
Mandaluyong,03/01/2024 21:00,154,32,0.26
Mandaluyong,03/01/2024 22:00,135,103,0
Mandaluyong,03/01/2024 23:00,0,165,1.47
Mandaluyong,04/01/2024 0:00,24,0,1.1
Mandaluyong,04/01/2024 1:00,0,0,0.78
Mandaluyong,04/01/2024 2:00,94,141,0.89
Mandaluyong,04/01/2024 3:00,0,0,0
Mandaluyong,04/01/2024 4:00,41,35,0.8
Mandaluyong,04/01/2024 5:00,94,132,0
Mandaluyong,04/01/2024 6:00,181,0,0.76
Mandaluyong,04/01/2024 7:00,0,0,0
Mandaluyong,04/01/2024 8:00,0,89,0.44
Mandaluyong,04/01/2024 9:00,153,0,2.14
Mandaluyong,04/01/2024 10:00,94,0,0
Mandaluyong,04/01/2024 11:00,0,224,3.66
Mandaluyong,04/01/2024 12:00,23,130,0
Mandaluyong,04/01/2024 13:00,0,0,2.3
Mandaluyong,04/01/2024 14:00,0,233,0.48
Mandaluyong,04/01/2024 15:00,0,114,1.84
Mandaluyong,04/01/2024 16:00,72,207,0
Mandaluyong,04/01/2024 17:00,34,153,0
Mandaluyong,04/01/2024 18:00,0,193,0.25
Mandaluyong,04/01/2024 19:00,0,64,0.7
Mandaluyong,04/01/2024 20:00,0,52,1.51
Mandaluyong,04/01/2024 21:00,91,0,0.07
Mandaluyong,04/01/2024 22:00,74,143,0.32
Mandaluyong,04/01/2024 23:00,221,149,0.64
Mandaluyong,05/01/2024 0:00,0,242,0
Mandaluyong,05/01/2024 1:00,51,7,0
Mandaluyong,05/01/2024 2:00,412,61,0
Mandaluyong,05/01/2024 3:00,51,0,0
Mandaluyong,05/01/2024 4:00,3,217,0
Mandaluyong,05/01/2024 5:00,0,61,0
Mandaluyong,05/01/2024 6:00,0,91,1.37
Mandaluyong,05/01/2024 7:00,0,0,0
Mandaluyong,05/01/2024 8:00,29,73,0
Mandaluyong,05/01/2024 9:00,0,256,0.88
Mandaluyong,05/01/2024 10:00,105,77,0
Mandaluyong,05/01/2024 11:00,0,3,0
Mandaluyong,05/01/2024 12:00,51,42,0
Mandaluyong,05/01/2024 13:00,2,33,1.3
Mandaluyong,05/01/2024 14:00,10,134,0.38
Mandaluyong,05/01/2024 15:00,23,89,0.27
Mandaluyong,05/01/2024 16:00,180,125,0
Mandaluyong,05/01/2024 17:00,150,63,0
Mandaluyong,05/01/2024 18:00,0,0,1.75
Mandaluyong,05/01/2024 19:00,132,275,3.25
Mandaluyong,05/01/2024 20:00,127,80,0.63
Mandaluyong,05/01/2024 21:00,0,0,0.82
Mandaluyong,05/01/2024 22:00,0,135,0
Mandaluyong,05/01/2024 23:00,114,106,0
Mandaluyong,06/01/2024 0:00,13,0,0
Mandaluyong,06/01/2024 1:00,26,145,0
Mandaluyong,06/01/2024 2:00,0,26,0
Mandaluyong,06/01/2024 3:00,82,181,0
Mandaluyong,06/01/2024 4:00,26,132,0.61
Mandaluyong,06/01/2024 5:00,94,45,0
Mandaluyong,06/01/2024 6:00,61,119,1.23
Mandaluyong,06/01/2024 7:00,0,320,0.96
Mandaluyong,06/01/2024 8:00,58,0,4.83
Mandaluyong,06/01/2024 9:00,215,0,3.58
Mandaluyong,06/01/2024 10:00,57,226,0
Mandaluyong,06/01/2024 11:00,0,0,0
Mandaluyong,06/01/2024 12:00,9,71,0
Mandaluyong,06/01/2024 13:00,44,64,0
Mandaluyong,06/01/2024 14:00,133,236,0
Mandaluyong,06/01/2024 15:00,0,132,2.71
Mandaluyong,06/01/2024 16:00,44,137,3.35
Mandaluyong,06/01/2024 17:00,73,123,1.63
Mandaluyong,06/01/2024 18:00,88,0,0
Mandaluyong,06/01/2024 19:00,70,107,1.62
Mandaluyong,06/01/2024 20:00,130,87,2.2
Mandaluyong,06/01/2024 21:00,0,79,0
Mandaluyong,06/01/2024 22:00,176,0,0.01
Mandaluyong,06/01/2024 23:00,36,69,0.57
Mandaluyong,07/01/2024 0:00,0,19,2.54
Mandaluyong,07/01/2024 1:00,89,47,0
Mandaluyong,07/01/2024 2:00,174,64,0.48
Mandaluyong,07/01/2024 3:00,24,0,0.9
Mandaluyong,07/01/2024 4:00,159,31,0
Mandaluyong,07/01/2024 5:00,176,122,3.26
Mandaluyong,07/01/2024 6:00,182,239,0
Mandaluyong,07/01/2024 7:00,0,21,0.07
Mandaluyong,07/01/2024 8:00,32,0,2.17
Mandaluyong,07/01/2024 9:00,341,0,0
Mandaluyong,07/01/2024 10:00,0,0,3.76
Mandaluyong,07/01/2024 11:00,0,157,0
Mandaluyong,07/01/2024 12:00,123,0,0
Mandaluyong,07/01/2024 13:00,146,50,2.5
Mandaluyong,07/01/2024 14:00,149,133,0
Mandaluyong,07/01/2024 15:00,4,23,2.41
Mandaluyong,07/01/2024 16:00,41,0,0.67
Mandaluyong,07/01/2024 17:00,130,0,0
Mandaluyong,07/01/2024 18:00,76,90,0
Mandaluyong,07/01/2024 19:00,117,0,0
Mandaluyong,07/01/2024 20:00,164,0,0
Mandaluyong,07/01/2024 21:00,160,223,0
Mandaluyong,07/01/2024 22:00,102,0,0
Mandaluyong,07/01/2024 23:00,86,0,0
Mandaluyong,08/01/2024 0:00,108,0,0
Buendia,01/01/2024 0:00,100,96,0.59
Buendia,01/01/2024 1:00,37,0,1.54
Buendia,01/01/2024 2:00,163,62,1.52
Buendia,01/01/2024 3:00,220,0,0
Buendia,01/01/2024 4:00,56,23,0.09
Buendia,01/01/2024 5:00,136,0,0
Buendia,01/01/2024 6:00,0,46,0.15
Buendia,01/01/2024 7:00,0,0,0
Buendia,01/01/2024 8:00,196,329,0.14
Buendia,01/01/2024 9:00,4,0,3.69
Buendia,01/01/2024 10:00,132,0,0
Buendia,01/01/2024 11:00,149,70,0
Buendia,01/01/2024 12:00,84,105,0.94
Buendia,01/01/2024 13:00,142,0,0.96
Buendia,01/01/2024 14:00,0,164,1.01
Buendia,01/01/2024 15:00,105,61,1.19
Buendia,01/01/2024 16:00,131,0,2.23
Buendia,01/01/2024 17:00,0,93,0
Buendia,01/01/2024 18:00,211,189,0
Buendia,01/01/2024 19:00,129,68,0
Buendia,01/01/2024 20:00,174,0,0.74
Buendia,01/01/2024 21:00,53,97,0
Buendia,01/01/2024 22:00,150,0,0.19
Buendia,01/01/2024 23:00,114,77,2.91
Buendia,02/01/2024 0:00,79,0,1.47
Buendia,02/01/2024 1:00,14,135,1.57
Buendia,02/01/2024 2:00,104,0,2.54
Buendia,02/01/2024 3:00,86,121,0
Buendia,02/01/2024 4:00,78,0,0
Buendia,02/01/2024 5:00,79,23,2.97
Buendia,02/01/2024 6:00,0,125,0.47
Buendia,02/01/2024 7:00,215,19,0
Buendia,02/01/2024 8:00,0,119,1.09
Buendia,02/01/2024 9:00,0,173,1.94
Buendia,02/01/2024 10:00,0,109,1
Buendia,02/01/2024 11:00,113,145,0
Buendia,02/01/2024 12:00,13,105,0
Buendia,02/01/2024 13:00,0,161,0
Buendia,02/01/2024 14:00,253,111,0
Buendia,02/01/2024 15:00,123,68,0
Buendia,02/01/2024 16:00,138,0,0
Buendia,02/01/2024 17:00,255,46,0
Buendia,02/01/2024 18:00,205,42,5.17
Buendia,02/01/2024 19:00,176,266,0
Buendia,02/01/2024 20:00,0,0,1.5
Buendia,02/01/2024 21:00,191,34,0
Buendia,02/01/2024 22:00,0,28,3.76
Buendia,02/01/2024 23:00,41,0,6.38
Buendia,03/01/2024 0:00,0,139,0.91
Buendia,03/01/2024 1:00,0,11,0.3
Buendia,03/01/2024 2:00,23,0,0
Buendia,03/01/2024 3:00,172,0,1.45
Buendia,03/01/2024 4:00,0,0,0
Buendia,03/01/2024 5:00,47,27,0
Buendia,03/01/2024 6:00,146,0,2.32
Buendia,03/01/2024 7:00,54,0,1.57
Buendia,03/01/2024 8:00,75,0,0
Buendia,03/01/2024 9:00,150,31,0.2
Buendia,03/01/2024 10:00,25,32,0
Buendia,03/01/2024 11:00,77,37,2.52
Buendia,03/01/2024 12:00,0,0,0.32
Buendia,03/01/2024 13:00,0,105,1.69
Buendia,03/01/2024 14:00,122,147,1.35
Buendia,03/01/2024 15:00,0,0,3.32
Buendia,03/01/2024 16:00,226,3,2.7
Buendia,03/01/2024 17:00,234,176,0
Buendia,03/01/2024 18:00,88,128,1.55
Buendia,03/01/2024 19:00,36,140,1.15
Buendia,03/01/2024 20:00,0,0,3.65
Buendia,03/01/2024 21:00,116,243,0
Buendia,03/01/2024 22:00,155,21,0
Buendia,03/01/2024 23:00,119,0,0.44
Buendia,04/01/2024 0:00,71,0,4.29
Buendia,04/01/2024 1:00,0,91,0
Buendia,04/01/2024 2:00,147,149,0.15
Buendia,04/01/2024 3:00,117,316,2.49
Buendia,04/01/2024 4:00,170,162,0.74
Buendia,04/01/2024 5:00,89,127,2.2
Buendia,04/01/2024 6:00,0,13,0
Buendia,04/01/2024 7:00,0,0,0
Buendia,04/01/2024 8:00,27,81,0
Buendia,04/01/2024 9:00,86,0,0
Buendia,04/01/2024 10:00,56,152,0
Buendia,04/01/2024 11:00,184,0,0.64
Buendia,04/01/2024 12:00,153,262,0
Buendia,04/01/2024 13:00,76,85,0
Buendia,04/01/2024 14:00,175,0,1.38
Buendia,04/01/2024 15:00,175,0,0
Buendia,04/01/2024 16:00,61,0,2.83
Buendia,04/01/2024 17:00,0,0,0.95
Buendia,04/01/2024 18:00,21,87,1.28
Buendia,04/01/2024 19:00,23,77,0
Buendia,04/01/2024 20:00,118,76,0.96
Buendia,04/01/2024 21:00,70,36,0
Buendia,04/01/2024 22:00,0,94,0
Buendia,04/01/2024 23:00,201,122,1.34
Buendia,05/01/2024 0:00,64,31,0
Buendia,05/01/2024 1:00,57,0,0
Buendia,05/01/2024 2:00,61,195,0
Buendia,05/01/2024 3:00,0,0,2.85
Buendia,05/01/2024 4:00,0,78,2.06
Buendia,05/01/2024 5:00,176,166,0.79
Buendia,05/01/2024 6:00,87,97,0.11
Buendia,05/01/2024 7:00,251,0,0.75
Buendia,05/01/2024 8:00,91,242,2.43
Buendia,05/01/2024 9:00,77,43,0.72
Buendia,05/01/2024 10:00,17,40,0
Buendia,05/01/2024 11:00,120,54,0
Buendia,05/01/2024 12:00,76,0,0
Buendia,05/01/2024 13:00,0,4,0
Buendia,05/01/2024 14:00,115,0,1.57
Buendia,05/01/2024 15:00,104,0,0
Buendia,05/01/2024 16:00,81,132,2.36
Buendia,05/01/2024 17:00,167,24,0
Buendia,05/01/2024 18:00,192,0,0
Buendia,05/01/2024 19:00,160,0,0
Buendia,05/01/2024 20:00,22,98,2.15
Buendia,05/01/2024 21:00,0,0,0.1
Buendia,05/01/2024 22:00,100,51,0
Buendia,05/01/2024 23:00,251,0,0
Buendia,06/01/2024 0:00,185,101,0
Buendia,06/01/2024 1:00,142,0,1.4
Buendia,06/01/2024 2:00,134,55,0
Buendia,06/01/2024 3:00,235,94,0
Buendia,06/01/2024 4:00,115,39,0
Buendia,06/01/2024 5:00,170,0,1.06
Buendia,06/01/2024 6:00,0,14,2.99
Buendia,06/01/2024 7:00,157,137,0
Buendia,06/01/2024 8:00,72,94,0.54
Buendia,06/01/2024 9:00,136,106,0
Buendia,06/01/2024 10:00,89,0,0
Buendia,06/01/2024 11:00,0,104,0
Buendia,06/01/2024 12:00,186,50,0
Buendia,06/01/2024 13:00,21,30,0
Buendia,06/01/2024 14:00,126,0,1.15
Buendia,06/01/2024 15:00,94,96,3.04
Buendia,06/01/2024 16:00,134,284,0.2
Buendia,06/01/2024 17:00,73,323,2.82
Buendia,06/01/2024 18:00,166,4,2.51
Buendia,06/01/2024 19:00,121,0,0
Buendia,06/01/2024 20:00,253,15,0.45
Buendia,06/01/2024 21:00,0,132,0
Buendia,06/01/2024 22:00,221,0,0
Buendia,06/01/2024 23:00,112,0,1.38
Buendia,07/01/2024 0:00,237,166,0
Buendia,07/01/2024 1:00,25,0,0
Buendia,07/01/2024 2:00,39,145,0
Buendia,07/01/2024 3:00,219,27,3.34
Buendia,07/01/2024 4:00,251,47,1.08
Buendia,07/01/2024 5:00,0,4,1.56
Buendia,07/01/2024 6:00,21,69,0
Buendia,07/01/2024 7:00,50,122,0
Buendia,07/01/2024 8:00,0,78,1.6
Buendia,07/01/2024 9:00,103,100,0
Buendia,07/01/2024 10:00,298,0,4.1
Buendia,07/01/2024 11:00,132,137,2.95
Buendia,07/01/2024 12:00,141,67,0
Buendia,07/01/2024 13:00,116,65,1.1
Buendia,07/01/2024 14:00,32,98,0
Buendia,07/01/2024 15:00,45,0,0
Buendia,07/01/2024 16:00,73,121,2.6
Buendia,07/01/2024 17:00,40,0,0.41
Buendia,07/01/2024 18:00,0,0,0.06
Buendia,07/01/2024 19:00,69,36,0
Buendia,07/01/2024 20:00,0,0,3.72
Buendia,07/01/2024 21:00,167,55,2.53
Buendia,07/01/2024 22:00,72,130,0
Buendia,07/01/2024 23:00,0,0,0
Buendia,08/01/2024 0:00,0,46,2
Ayala,01/01/2024 0:00,358,265,1.23
Ayala,01/01/2024 1:00,0,26,0
Ayala,01/01/2024 2:00,0,112,0
Ayala,01/01/2024 3:00,0,111,0.36
Ayala,01/01/2024 4:00,216,105,0
Ayala,01/01/2024 5:00,249,25,0
Ayala,01/01/2024 6:00,155,0,0
Ayala,01/01/2024 7:00,0,212,1.37
Ayala,01/01/2024 8:00,0,163,2.07
Ayala,01/01/2024 9:00,137,42,0.41
Ayala,01/01/2024 10:00,0,136,0
Ayala,01/01/2024 11:00,71,92,0
Ayala,01/01/2024 12:00,72,0,2.16
Ayala,01/01/2024 13:00,19,0,0
Ayala,01/01/2024 14:00,160,46,0
Ayala,01/01/2024 15:00,138,105,0
Ayala,01/01/2024 16:00,0,0,2.66
Ayala,01/01/2024 17:00,0,0,0
Ayala,01/01/2024 18:00,45,104,0
Ayala,01/01/2024 19:00,0,0,0
Ayala,01/01/2024 20:00,0,172,4
Ayala,01/01/2024 21:00,53,0,0
Ayala,01/01/2024 22:00,95,192,0
Ayala,01/01/2024 23:00,56,78,2.11
Ayala,02/01/2024 0:00,72,95,0
Ayala,02/01/2024 1:00,206,27,4.14
Ayala,02/01/2024 2:00,37,0,2.92
Ayala,02/01/2024 3:00,28,0,0
Ayala,02/01/2024 4:00,0,0,0.07
Ayala,02/01/2024 5:00,206,63,0
Ayala,02/01/2024 6:00,121,177,0.62
Ayala,02/01/2024 7:00,119,74,0
Ayala,02/01/2024 8:00,0,0,2.2
Ayala,02/01/2024 9:00,0,125,6.28
Ayala,02/01/2024 10:00,0,0,0
Ayala,02/01/2024 11:00,0,150,1.43
Ayala,02/01/2024 12:00,248,184,0
Ayala,02/01/2024 13:00,61,137,3.39
Ayala,02/01/2024 14:00,86,76,1.71
Ayala,02/01/2024 15:00,23,111,0.98
Ayala,02/01/2024 16:00,24,103,0.31
Ayala,02/01/2024 17:00,33,152,0
Ayala,02/01/2024 18:00,0,24,3.56
Ayala,02/01/2024 19:00,0,118,0.19
Ayala,02/01/2024 20:00,57,0,0.82
Ayala,02/01/2024 21:00,72,0,0
Ayala,02/01/2024 22:00,1,106,0
Ayala,02/01/2024 23:00,91,219,0
Ayala,03/01/2024 0:00,0,30,1.98
Ayala,03/01/2024 1:00,58,219,1.18
Ayala,03/01/2024 2:00,0,192,0
Ayala,03/01/2024 3:00,18,48,0.2
Ayala,03/01/2024 4:00,0,88,0
Ayala,03/01/2024 5:00,247,0,2.55
Ayala,03/01/2024 6:00,73,0,1.81
Ayala,03/01/2024 7:00,20,47,0
Ayala,03/01/2024 8:00,68,185,0
Ayala,03/01/2024 9:00,95,157,0
Ayala,03/01/2024 10:00,0,0,0
Ayala,03/01/2024 11:00,0,109,0.57
Ayala,03/01/2024 12:00,183,0,1.43
Ayala,03/01/2024 13:00,235,51,0.29
Ayala,03/01/2024 14:00,0,0,3.55
Ayala,03/01/2024 15:00,0,50,0
Ayala,03/01/2024 16:00,175,3,0
Ayala,03/01/2024 17:00,116,104,0
Ayala,03/01/2024 18:00,0,6,0
Ayala,03/01/2024 19:00,0,110,0
Ayala,03/01/2024 20:00,232,101,0.66
Ayala,03/01/2024 21:00,94,0,0.9
Ayala,03/01/2024 22:00,0,44,1.73
Ayala,03/01/2024 23:00,0,34,0
Ayala,04/01/2024 0:00,0,0,0
Ayala,04/01/2024 1:00,143,17,0.23
Ayala,04/01/2024 2:00,197,120,0
Ayala,04/01/2024 3:00,134,0,1
Ayala,04/01/2024 4:00,44,25,0
Ayala,04/01/2024 5:00,175,56,0
Ayala,04/01/2024 6:00,0,88,0
Ayala,04/01/2024 7:00,0,48,1.08
Ayala,04/01/2024 8:00,25,0,0
Ayala,04/01/2024 9:00,91,0,0.24
Ayala,04/01/2024 10:00,0,96,0
Ayala,04/01/2024 11:00,180,59,3.81
Ayala,04/01/2024 12:00,46,158,0
Ayala,04/01/2024 13:00,0,76,2.58
Ayala,04/01/2024 14:00,0,198,0
Ayala,04/01/2024 15:00,78,0,0
Ayala,04/01/2024 16:00,0,110,5.05
Ayala,04/01/2024 17:00,94,0,0
Ayala,04/01/2024 18:00,114,65,0
Ayala,04/01/2024 19:00,0,0,0.88
Ayala,04/01/2024 20:00,0,74,0
Ayala,04/01/2024 21:00,0,0,0
Ayala,04/01/2024 22:00,68,85,0.16
Ayala,04/01/2024 23:00,102,186,0.88
Ayala,05/01/2024 0:00,49,15,0
Ayala,05/01/2024 1:00,158,119,0
Ayala,05/01/2024 2:00,160,50,0.07
Ayala,05/01/2024 3:00,0,113,2.53
Ayala,05/01/2024 4:00,0,45,0.55
Ayala,05/01/2024 5:00,0,33,0
Ayala,05/01/2024 6:00,235,190,0.76
Ayala,05/01/2024 7:00,168,182,0.9
Ayala,05/01/2024 8:00,0,165,0.75
Ayala,05/01/2024 9:00,0,79,0.05
Ayala,05/01/2024 10:00,314,0,0
Ayala,05/01/2024 11:00,169,163,0
Ayala,05/01/2024 12:00,144,65,1.55
Ayala,05/01/2024 13:00,273,93,2.07
Ayala,05/01/2024 14:00,6,0,0.67
Ayala,05/01/2024 15:00,4,356,0
Ayala,05/01/2024 16:00,55,130,0
Ayala,05/01/2024 17:00,115,0,1.12
Ayala,05/01/2024 18:00,140,63,0
Ayala,05/01/2024 19:00,55,17,0
Ayala,05/01/2024 20:00,3,0,0
Ayala,05/01/2024 21:00,136,180,0.13
Ayala,05/01/2024 22:00,70,198,1.77
Ayala,05/01/2024 23:00,0,88,3.41
Ayala,06/01/2024 0:00,150,0,0.16
Ayala,06/01/2024 1:00,78,51,2.96
Ayala,06/01/2024 2:00,0,76,1.91
Ayala,06/01/2024 3:00,19,103,0
Ayala,06/01/2024 4:00,22,0,0.52
Ayala,06/01/2024 5:00,38,44,0
Ayala,06/01/2024 6:00,0,150,0
Ayala,06/01/2024 7:00,35,55,3.67
Ayala,06/01/2024 8:00,81,4,1.98
Ayala,06/01/2024 9:00,73,84,0.19
Ayala,06/01/2024 10:00,23,0,1.4
Ayala,06/01/2024 11:00,0,151,2.71
Ayala,06/01/2024 12:00,63,0,2.46
Ayala,06/01/2024 13:00,134,151,0
Ayala,06/01/2024 14:00,130,0,0.18
Ayala,06/01/2024 15:00,103,108,0
Ayala,06/01/2024 16:00,33,50,0
Ayala,06/01/2024 17:00,0,31,3.7
Ayala,06/01/2024 18:00,85,0,0
Ayala,06/01/2024 19:00,44,0,0
Ayala,06/01/2024 20:00,0,0,0
Ayala,06/01/2024 21:00,0,99,1.86
Ayala,06/01/2024 22:00,52,67,0
Ayala,06/01/2024 23:00,110,123,2.11
Ayala,07/01/2024 0:00,0,57,1.43
Ayala,07/01/2024 1:00,0,26,3.08
Ayala,07/01/2024 2:00,145,73,3.25
Ayala,07/01/2024 3:00,83,0,0.23
Ayala,07/01/2024 4:00,118,99,0
Ayala,07/01/2024 5:00,71,2,0.47
Ayala,07/01/2024 6:00,0,187,0
Ayala,07/01/2024 7:00,0,71,0
Ayala,07/01/2024 8:00,68,0,0
Ayala,07/01/2024 9:00,145,243,2.43
Ayala,07/01/2024 10:00,74,92,0
Ayala,07/01/2024 11:00,0,0,0.74
Ayala,07/01/2024 12:00,16,42,1.35
Ayala,07/01/2024 13:00,0,234,0
Ayala,07/01/2024 14:00,0,74,0
Ayala,07/01/2024 15:00,14,0,2.45
Ayala,07/01/2024 16:00,153,0,0.67
Ayala,07/01/2024 17:00,0,120,0
Ayala,07/01/2024 18:00,64,118,0
Ayala,07/01/2024 19:00,17,0,0
Ayala,07/01/2024 20:00,0,124,3.09
Ayala,07/01/2024 21:00,32,92,1.87
Ayala,07/01/2024 22:00,34,0,1.76
Ayala,07/01/2024 23:00,0,135,0.16
Ayala,08/01/2024 0:00,45,196,0
Makati,01/01/2024 0:00,0,15,0
Makati,01/01/2024 1:00,0,106,0.98
Makati,01/01/2024 2:00,0,0,0.3
Makati,01/01/2024 3:00,231,166,0
Makati,01/01/2024 4:00,35,130,0
Makati,01/01/2024 5:00,29,17,0
Makati,01/01/2024 6:00,0,214,0
Makati,01/01/2024 7:00,0,107,1.75
Makati,01/01/2024 8:00,0,9,0.8
Makati,01/01/2024 9:00,0,0,2.67
Makati,01/01/2024 10:00,236,0,0
Makati,01/01/2024 11:00,121,88,0.75
Makati,01/01/2024 12:00,0,0,3.43
Makati,01/01/2024 13:00,142,46,0.64
Makati,01/01/2024 14:00,98,0,3.83
Makati,01/01/2024 15:00,236,49,0.26
Makati,01/01/2024 16:00,95,35,0
Makati,01/01/2024 17:00,0,127,0
Makati,01/01/2024 18:00,107,131,0
Makati,01/01/2024 19:00,198,0,0.14
Makati,01/01/2024 20:00,0,130,0
Makati,01/01/2024 21:00,44,0,0
Makati,01/01/2024 22:00,141,0,0
Makati,01/01/2024 23:00,96,134,2.08
Makati,02/01/2024 0:00,198,0,0.35
Makati,02/01/2024 1:00,50,198,0
Makati,02/01/2024 2:00,0,0,1.29
Makati,02/01/2024 3:00,63,86,0
Makati,02/01/2024 4:00,166,0,0
Makati,02/01/2024 5:00,73,0,3.19
Makati,02/01/2024 6:00,150,153,1.03
Makati,02/01/2024 7:00,0,118,0
Makati,02/01/2024 8:00,0,0,0
Makati,02/01/2024 9:00,11,107,1.47
Makati,02/01/2024 10:00,113,149,0.35
Makati,02/01/2024 11:00,49,128,0.85
Makati,02/01/2024 12:00,0,0,1.47
Makati,02/01/2024 13:00,0,133,0
Makati,02/01/2024 14:00,0,143,0
Makati,02/01/2024 15:00,0,23,0.97
Makati,02/01/2024 16:00,110,1,0.99
Makati,02/01/2024 17:00,43,0,6.41
Makati,02/01/2024 18:00,198,0,1.39
Makati,02/01/2024 19:00,0,134,0.26
Makati,02/01/2024 20:00,42,298,0
Makati,02/01/2024 21:00,136,174,0.88
Makati,02/01/2024 22:00,119,76,0.23
Makati,02/01/2024 23:00,0,1,0
Makati,03/01/2024 0:00,16,170,0
Makati,03/01/2024 1:00,64,360,0.41
Makati,03/01/2024 2:00,96,15,1.91
Makati,03/01/2024 3:00,71,0,0
Makati,03/01/2024 4:00,35,58,2.47
Makati,03/01/2024 5:00,0,210,2.86
Makati,03/01/2024 6:00,0,0,1.37
Makati,03/01/2024 7:00,47,15,0.36
Makati,03/01/2024 8:00,139,5,1.82
Makati,03/01/2024 9:00,189,129,0
Makati,03/01/2024 10:00,145,0,0
Makati,03/01/2024 11:00,211,106,0
Makati,03/01/2024 12:00,63,136,0.3
Makati,03/01/2024 13:00,22,70,0
Makati,03/01/2024 14:00,4,0,0.63
Makati,03/01/2024 15:00,118,103,0
Makati,03/01/2024 16:00,0,0,0
Makati,03/01/2024 17:00,158,34,1.28
Makati,03/01/2024 18:00,26,109,2.77
Makati,03/01/2024 19:00,77,65,0
Makati,03/01/2024 20:00,106,0,1.56
Makati,03/01/2024 21:00,216,59,0
Makati,03/01/2024 22:00,65,120,1.82
Makati,03/01/2024 23:00,105,121,0
Makati,04/01/2024 0:00,0,60,1.44
Makati,04/01/2024 1:00,15,0,1.63
Makati,04/01/2024 2:00,0,115,1.18
Makati,04/01/2024 3:00,0,9,0.31
Makati,04/01/2024 4:00,0,105,0
Makati,04/01/2024 5:00,0,315,0
Makati,04/01/2024 6:00,148,48,0
Makati,04/01/2024 7:00,58,169,0
Makati,04/01/2024 8:00,189,107,1.76
Makati,04/01/2024 9:00,14,0,0
Makati,04/01/2024 10:00,0,0,0
Makati,04/01/2024 11:00,91,85,1.21
Makati,04/01/2024 12:00,0,0,1.06
Makati,04/01/2024 13:00,246,0,0
Makati,04/01/2024 14:00,0,126,0
Makati,04/01/2024 15:00,21,0,0.34
Makati,04/01/2024 16:00,39,0,0.9
Makati,04/01/2024 17:00,10,63,0
Makati,04/01/2024 18:00,0,26,1.62
Makati,04/01/2024 19:00,157,24,0
Makati,04/01/2024 20:00,145,0,0.73
Makati,04/01/2024 21:00,140,222,0
Makati,04/01/2024 22:00,0,0,0
Makati,04/01/2024 23:00,32,355,0.09
Makati,05/01/2024 0:00,121,75,0
Makati,05/01/2024 1:00,159,0,0
Makati,05/01/2024 2:00,193,91,0
Makati,05/01/2024 3:00,69,0,0
Makati,05/01/2024 4:00,0,24,0.78
Makati,05/01/2024 5:00,136,252,0
Makati,05/01/2024 6:00,237,0,0.5
Makati,05/01/2024 7:00,15,22,3.8
Makati,05/01/2024 8:00,0,194,0
Makati,05/01/2024 9:00,128,106,1.95
Makati,05/01/2024 10:00,187,3,0
Makati,05/01/2024 11:00,152,0,1.05
Makati,05/01/2024 12:00,0,109,1.6
Makati,05/01/2024 13:00,0,22,0
Makati,05/01/2024 14:00,2,63,0
Makati,05/01/2024 15:00,0,95,0
Makati,05/01/2024 16:00,119,0,0.29
Makati,05/01/2024 17:00,140,219,2.22
Makati,05/01/2024 18:00,60,23,0
Makati,05/01/2024 19:00,27,51,0
Makati,05/01/2024 20:00,183,93,0
Makati,05/01/2024 21:00,286,0,2.16
Makati,05/01/2024 22:00,35,0,0
Makati,05/01/2024 23:00,0,105,2.13
Makati,06/01/2024 0:00,70,44,0
Makati,06/01/2024 1:00,159,0,0
Makati,06/01/2024 2:00,97,0,1.89
Makati,06/01/2024 3:00,123,264,2.36
Makati,06/01/2024 4:00,100,145,0
Makati,06/01/2024 5:00,30,106,0
Makati,06/01/2024 6:00,256,77,0
Makati,06/01/2024 7:00,50,96,0
Makati,06/01/2024 8:00,57,0,0
Makati,06/01/2024 9:00,0,195,4.11
Makati,06/01/2024 10:00,24,43,2
Makati,06/01/2024 11:00,0,75,3.98
Makati,06/01/2024 12:00,79,55,2.02
Makati,06/01/2024 13:00,172,0,0.79
Makati,06/01/2024 14:00,0,78,3.25
Makati,06/01/2024 15:00,15,0,2.15
Makati,06/01/2024 16:00,109,27,1.46
Makati,06/01/2024 17:00,177,0,0
Makati,06/01/2024 18:00,180,116,0
Makati,06/01/2024 19:00,0,0,1.88
Makati,06/01/2024 20:00,161,74,3.04
Makati,06/01/2024 21:00,49,12,0
Makati,06/01/2024 22:00,46,0,0
Makati,06/01/2024 23:00,134,114,0.99
Makati,07/01/2024 0:00,60,76,0
Makati,07/01/2024 1:00,66,0,1.18
Makati,07/01/2024 2:00,0,150,0
Makati,07/01/2024 3:00,149,46,0
Makati,07/01/2024 4:00,79,127,0
Makati,07/01/2024 5:00,14,60,0
Makati,07/01/2024 6:00,36,173,0
Makati,07/01/2024 7:00,159,83,1.91
Makati,07/01/2024 8:00,60,89,0.03
Makati,07/01/2024 9:00,23,42,0.29
Makati,07/01/2024 10:00,160,240,1.91
Makati,07/01/2024 11:00,106,0,0
Makati,07/01/2024 12:00,207,0,0.34
Makati,07/01/2024 13:00,153,44,2.88
Makati,07/01/2024 14:00,94,165,0.32
Makati,07/01/2024 15:00,224,0,2.88
Makati,07/01/2024 16:00,0,0,0
Makati,07/01/2024 17:00,0,85,0
Makati,07/01/2024 18:00,44,0,0
Makati,07/01/2024 19:00,0,0,0.33
Makati,07/01/2024 20:00,44,70,0
Makati,07/01/2024 21:00,0,136,0
Makati,07/01/2024 22:00,29,0,0
Makati,07/01/2024 23:00,0,65,3.21
Makati,08/01/2024 0:00,137,0,0
Buendia,01/01/2024 0:00,97,83,0
Buendia,01/01/2024 1:00,0,100,0
Buendia,01/01/2024 2:00,0,0,0
Buendia,01/01/2024 3:00,318,99,1.58
Buendia,01/01/2024 4:00,164,167,2.57
Buendia,01/01/2024 5:00,221,24,1.1
Buendia,01/01/2024 6:00,0,95,4.16
Buendia,01/01/2024 7:00,0,76,0
Buendia,01/01/2024 8:00,0,0,0.75
Buendia,01/01/2024 9:00,0,93,0
Buendia,01/01/2024 10:00,9,116,0.24
Buendia,01/01/2024 11:00,49,106,0
Buendia,01/01/2024 12:00,82,0,0.63
Buendia,01/01/2024 13:00,58,121,3.15
Buendia,01/01/2024 14:00,13,0,0
Buendia,01/01/2024 15:00,12,9,1.81
Buendia,01/01/2024 16:00,25,82,0
Buendia,01/01/2024 17:00,97,51,2.18
Buendia,01/01/2024 18:00,0,0,3.2
Buendia,01/01/2024 19:00,114,95,0
Buendia,01/01/2024 20:00,32,57,0
Buendia,01/01/2024 21:00,107,95,0
Buendia,01/01/2024 22:00,105,171,0
Buendia,01/01/2024 23:00,36,174,0
Buendia,02/01/2024 0:00,62,0,0
Buendia,02/01/2024 1:00,0,3,0
Buendia,02/01/2024 2:00,39,5,2.02
Buendia,02/01/2024 3:00,137,0,0
Buendia,02/01/2024 4:00,131,110,0
Buendia,02/01/2024 5:00,0,0,1.58
Buendia,02/01/2024 6:00,132,0,0
Buendia,02/01/2024 7:00,8,0,2.74
Buendia,02/01/2024 8:00,136,113,1.12
Buendia,02/01/2024 9:00,21,0,2.73
Buendia,02/01/2024 10:00,51,0,0
Buendia,02/01/2024 11:00,172,15,0
Buendia,02/01/2024 12:00,0,202,0.75
Buendia,02/01/2024 13:00,0,144,0
Buendia,02/01/2024 14:00,13,0,0
Buendia,02/01/2024 15:00,160,22,1.51
Buendia,02/01/2024 16:00,63,148,0
Buendia,02/01/2024 17:00,160,12,0
Buendia,02/01/2024 18:00,12,0,0
Buendia,02/01/2024 19:00,0,0,0.94
Buendia,02/01/2024 20:00,0,197,0
Buendia,02/01/2024 21:00,93,117,0.15
Buendia,02/01/2024 22:00,156,0,1.9
Buendia,02/01/2024 23:00,27,101,0
Buendia,03/01/2024 0:00,0,108,0
Buendia,03/01/2024 1:00,0,2,0.16
Buendia,03/01/2024 2:00,165,68,0
Buendia,03/01/2024 3:00,91,104,0
Buendia,03/01/2024 4:00,0,24,0
Buendia,03/01/2024 5:00,161,0,3.63
Buendia,03/01/2024 6:00,39,0,0
Buendia,03/01/2024 7:00,45,15,0.18
Buendia,03/01/2024 8:00,0,122,0
Buendia,03/01/2024 9:00,84,130,0.92
Buendia,03/01/2024 10:00,91,130,2.21
Buendia,03/01/2024 11:00,244,0,2.65
Buendia,03/01/2024 12:00,54,34,0
Buendia,03/01/2024 13:00,50,0,0
Buendia,03/01/2024 14:00,114,72,5.14
Buendia,03/01/2024 15:00,91,0,0
Buendia,03/01/2024 16:00,0,87,3.18
Buendia,03/01/2024 17:00,19,0,0
Buendia,03/01/2024 18:00,21,39,0
Buendia,03/01/2024 19:00,61,0,3.08
Buendia,03/01/2024 20:00,0,173,1.42
Buendia,03/01/2024 21:00,0,141,0.06
Buendia,03/01/2024 22:00,115,78,1.07
Buendia,03/01/2024 23:00,0,0,0.68
Buendia,04/01/2024 0:00,72,106,2.69
Buendia,04/01/2024 1:00,82,92,3.33
Buendia,04/01/2024 2:00,0,61,3.29
Buendia,04/01/2024 3:00,54,117,0
Buendia,04/01/2024 4:00,67,67,0
Buendia,04/01/2024 5:00,53,0,0
Buendia,04/01/2024 6:00,95,55,0
Buendia,04/01/2024 7:00,12,106,3.17
Buendia,04/01/2024 8:00,88,76,0
Buendia,04/01/2024 9:00,0,2,0
Buendia,04/01/2024 10:00,38,0,1.72
Buendia,04/01/2024 11:00,0,0,1.26
Buendia,04/01/2024 12:00,0,93,0.68
Buendia,04/01/2024 13:00,169,173,0
Buendia,04/01/2024 14:00,117,0,1.3
Buendia,04/01/2024 15:00,212,147,0
Buendia,04/01/2024 16:00,156,0,0.61
Buendia,04/01/2024 17:00,119,10,0
Buendia,04/01/2024 18:00,0,0,0.27
Buendia,04/01/2024 19:00,171,110,0
Buendia,04/01/2024 20:00,133,19,0
Buendia,04/01/2024 21:00,0,0,0.6
Buendia,04/01/2024 22:00,0,0,0
Buendia,04/01/2024 23:00,76,0,0.15
Buendia,05/01/2024 0:00,210,63,0
Buendia,05/01/2024 1:00,57,0,0
Buendia,05/01/2024 2:00,23,86,0
Buendia,05/01/2024 3:00,212,40,0
Buendia,05/01/2024 4:00,179,0,0
Buendia,05/01/2024 5:00,22,200,0
Buendia,05/01/2024 6:00,0,0,0.62
Buendia,05/01/2024 7:00,225,0,0
Buendia,05/01/2024 8:00,143,67,0
Buendia,05/01/2024 9:00,123,63,0
Buendia,05/01/2024 10:00,148,0,2.01
Buendia,05/01/2024 11:00,150,108,0.33
Buendia,05/01/2024 12:00,229,0,1.2
Buendia,05/01/2024 13:00,77,39,0
Buendia,05/01/2024 14:00,0,101,0.47
Buendia,05/01/2024 15:00,21,0,1.29
Buendia,05/01/2024 16:00,61,136,0.95
Buendia,05/01/2024 17:00,27,22,0.35
Buendia,05/01/2024 18:00,49,0,3.72
Buendia,05/01/2024 19:00,31,207,0
Buendia,05/01/2024 20:00,50,173,0
Buendia,05/01/2024 21:00,16,0,0
Buendia,05/01/2024 22:00,34,76,0
Buendia,05/01/2024 23:00,46,0,0
Buendia,06/01/2024 0:00,33,156,2.36
Buendia,06/01/2024 1:00,0,0,0
Buendia,06/01/2024 2:00,8,17,0
Buendia,06/01/2024 3:00,53,0,1.02
Buendia,06/01/2024 4:00,79,120,2.34
Buendia,06/01/2024 5:00,71,24,0.05
Buendia,06/01/2024 6:00,207,37,2.21
Buendia,06/01/2024 7:00,189,0,0
Buendia,06/01/2024 8:00,15,138,0
Buendia,06/01/2024 9:00,8,166,0
Buendia,06/01/2024 10:00,90,0,2
Buendia,06/01/2024 11:00,63,0,0
Buendia,06/01/2024 12:00,0,98,1.92
Buendia,06/01/2024 13:00,113,149,0
Buendia,06/01/2024 14:00,0,99,0
Buendia,06/01/2024 15:00,0,171,0.1
Buendia,06/01/2024 16:00,38,39,0
Buendia,06/01/2024 17:00,227,0,1.56
Buendia,06/01/2024 18:00,101,0,0
Buendia,06/01/2024 19:00,77,0,0
Buendia,06/01/2024 20:00,0,0,4
Buendia,06/01/2024 21:00,73,48,2.61
Buendia,06/01/2024 22:00,36,24,0
Buendia,06/01/2024 23:00,0,21,0
Buendia,07/01/2024 0:00,122,143,0
Buendia,07/01/2024 1:00,49,145,0
Buendia,07/01/2024 2:00,60,174,0
Buendia,07/01/2024 3:00,17,109,0
Buendia,07/01/2024 4:00,34,118,0
Buendia,07/01/2024 5:00,0,91,0
Buendia,07/01/2024 6:00,156,70,0.88
Buendia,07/01/2024 7:00,0,0,0
Buendia,07/01/2024 8:00,157,0,2.05
Buendia,07/01/2024 9:00,0,23,0
Buendia,07/01/2024 10:00,62,293,0
Buendia,07/01/2024 11:00,16,116,0.04
Buendia,07/01/2024 12:00,28,198,0
Buendia,07/01/2024 13:00,61,102,0.4
Buendia,07/01/2024 14:00,175,137,3.28
Buendia,07/01/2024 15:00,78,62,2.62
Buendia,07/01/2024 16:00,51,28,0
Buendia,07/01/2024 17:00,94,126,0
Buendia,07/01/2024 18:00,76,26,0
Buendia,07/01/2024 19:00,66,23,0
Buendia,07/01/2024 20:00,70,0,0
Buendia,07/01/2024 21:00,0,76,0
Buendia,07/01/2024 22:00,0,0,0.13
Buendia,07/01/2024 23:00,21,139,2.21
Buendia,08/01/2024 0:00,94,31,2.17
Pasay,01/01/2024 0:00,111,0,0
Pasay,01/01/2024 1:00,43,29,0
Pasay,01/01/2024 2:00,55,145,1.45
Pasay,01/01/2024 3:00,0,0,0
Pasay,01/01/2024 4:00,146,108,0
Pasay,01/01/2024 5:00,0,104,0
Pasay,01/01/2024 6:00,0,0,0.85
Pasay,01/01/2024 7:00,0,11,0
Pasay,01/01/2024 8:00,27,143,1
Pasay,01/01/2024 9:00,139,58,0
Pasay,01/01/2024 10:00,72,39,0
Pasay,01/01/2024 11:00,272,110,0
Pasay,01/01/2024 12:00,5,106,1.5
Pasay,01/01/2024 13:00,66,37,1.05
Pasay,01/01/2024 14:00,0,82,1.27
Pasay,01/01/2024 15:00,2,0,0.02
Pasay,01/01/2024 16:00,0,105,0
Pasay,01/01/2024 17:00,0,52,1.08
Pasay,01/01/2024 18:00,47,258,0
Pasay,01/01/2024 19:00,153,0,1.95
Pasay,01/01/2024 20:00,41,123,0
Pasay,01/01/2024 21:00,17,63,0
Pasay,01/01/2024 22:00,0,199,1.32
Pasay,01/01/2024 23:00,0,117,1.08
Pasay,02/01/2024 0:00,302,0,0
Pasay,02/01/2024 1:00,40,253,0
Pasay,02/01/2024 2:00,65,0,3.04
Pasay,02/01/2024 3:00,0,37,1.86
Pasay,02/01/2024 4:00,0,30,0
Pasay,02/01/2024 5:00,133,60,0
Pasay,02/01/2024 6:00,51,67,0.81
Pasay,02/01/2024 7:00,0,0,0
Pasay,02/01/2024 8:00,313,8,0
Pasay,02/01/2024 9:00,0,0,5.87
Pasay,02/01/2024 10:00,230,164,0
Pasay,02/01/2024 11:00,147,0,0
Pasay,02/01/2024 12:00,107,0,0.76
Pasay,02/01/2024 13:00,202,0,0
Pasay,02/01/2024 14:00,112,0,1.01
Pasay,02/01/2024 15:00,12,65,0.2
Pasay,02/01/2024 16:00,237,65,0
Pasay,02/01/2024 17:00,133,16,1.21
Pasay,02/01/2024 18:00,105,134,3.07
Pasay,02/01/2024 19:00,188,42,0
Pasay,02/01/2024 20:00,0,24,0
Pasay,02/01/2024 21:00,0,0,1.37
Pasay,02/01/2024 22:00,116,48,0
Pasay,02/01/2024 23:00,0,0,0.81
Pasay,03/01/2024 0:00,176,186,0
Pasay,03/01/2024 1:00,0,0,3.25
Pasay,03/01/2024 2:00,159,76,0
Pasay,03/01/2024 3:00,16,0,0.78
Pasay,03/01/2024 4:00,60,162,0
Pasay,03/01/2024 5:00,137,40,0
Pasay,03/01/2024 6:00,0,96,0.63
Pasay,03/01/2024 7:00,0,28,0
Pasay,03/01/2024 8:00,0,107,0
Pasay,03/01/2024 9:00,209,284,0.12
Pasay,03/01/2024 10:00,32,108,0
Pasay,03/01/2024 11:00,0,0,0
Pasay,03/01/2024 12:00,233,76,3.3
Pasay,03/01/2024 13:00,245,70,0
Pasay,03/01/2024 14:00,0,0,1.54
Pasay,03/01/2024 15:00,194,0,1.12
Pasay,03/01/2024 16:00,113,196,0.94
Pasay,03/01/2024 17:00,43,0,0.74
Pasay,03/01/2024 18:00,129,147,0.91
Pasay,03/01/2024 19:00,0,84,2.32
Pasay,03/01/2024 20:00,0,2,0
Pasay,03/01/2024 21:00,248,277,0
Pasay,03/01/2024 22:00,95,149,0.96
Pasay,03/01/2024 23:00,42,0,2.68
Pasay,04/01/2024 0:00,17,0,1.85
Pasay,04/01/2024 1:00,65,220,0.64
Pasay,04/01/2024 2:00,0,99,0
Pasay,04/01/2024 3:00,47,109,0
Pasay,04/01/2024 4:00,95,0,0
Pasay,04/01/2024 5:00,119,0,0
Pasay,04/01/2024 6:00,0,0,0
Pasay,04/01/2024 7:00,40,22,0.1
Pasay,04/01/2024 8:00,56,24,2.48
Pasay,04/01/2024 9:00,71,0,2.91
Pasay,04/01/2024 10:00,132,38,0
Pasay,04/01/2024 11:00,179,62,3.42
Pasay,04/01/2024 12:00,100,0,1.18
Pasay,04/01/2024 13:00,197,177,0
Pasay,04/01/2024 14:00,0,151,0.74
Pasay,04/01/2024 15:00,7,0,0
Pasay,04/01/2024 16:00,116,128,0
Pasay,04/01/2024 17:00,181,31,0
Pasay,04/01/2024 18:00,141,59,0
Pasay,04/01/2024 19:00,0,81,0
Pasay,04/01/2024 20:00,8,0,2.52
Pasay,04/01/2024 21:00,36,165,3.83
Pasay,04/01/2024 22:00,133,0,0
Pasay,04/01/2024 23:00,0,108,0
Pasay,05/01/2024 0:00,0,0,0.28
Pasay,05/01/2024 1:00,82,0,1.49
Pasay,05/01/2024 2:00,0,105,0
Pasay,05/01/2024 3:00,0,50,5.14
Pasay,05/01/2024 4:00,139,46,0
Pasay,05/01/2024 5:00,0,149,0
Pasay,05/01/2024 6:00,198,0,0.33
Pasay,05/01/2024 7:00,113,49,1.71
Pasay,05/01/2024 8:00,228,0,0.27
Pasay,05/01/2024 9:00,64,0,0.85
Pasay,05/01/2024 10:00,141,0,0
Pasay,05/01/2024 11:00,0,78,1.87
Pasay,05/01/2024 12:00,0,0,2.93
Pasay,05/01/2024 13:00,209,14,0
Pasay,05/01/2024 14:00,0,128,1
Pasay,05/01/2024 15:00,56,0,3.21
Pasay,05/01/2024 16:00,132,0,2.57
Pasay,05/01/2024 17:00,98,70,0
Pasay,05/01/2024 18:00,0,0,1.92
Pasay,05/01/2024 19:00,0,0,0.04
Pasay,05/01/2024 20:00,176,0,2.34
Pasay,05/01/2024 21:00,0,14,0.32
Pasay,05/01/2024 22:00,277,152,0.66
Pasay,05/01/2024 23:00,138,0,0
Pasay,06/01/2024 0:00,7,0,0
Pasay,06/01/2024 1:00,0,95,0
Pasay,06/01/2024 2:00,175,0,0.32
Pasay,06/01/2024 3:00,98,93,1.1
Pasay,06/01/2024 4:00,0,147,1.16
Pasay,06/01/2024 5:00,0,219,0
Pasay,06/01/2024 6:00,71,74,0
Pasay,06/01/2024 7:00,0,0,2.28
Pasay,06/01/2024 8:00,0,35,0
Pasay,06/01/2024 9:00,77,281,2.32
Pasay,06/01/2024 10:00,0,0,0
Pasay,06/01/2024 11:00,154,82,0
Pasay,06/01/2024 12:00,0,0,1.46
Pasay,06/01/2024 13:00,92,101,0
Pasay,06/01/2024 14:00,11,77,1.24
Pasay,06/01/2024 15:00,51,25,2.18
Pasay,06/01/2024 16:00,0,310,0
Pasay,06/01/2024 17:00,40,92,0
Pasay,06/01/2024 18:00,93,0,0
Pasay,06/01/2024 19:00,208,0,0
Pasay,06/01/2024 20:00,134,36,0.93
Pasay,06/01/2024 21:00,54,0,0
Pasay,06/01/2024 22:00,172,118,0.9
Pasay,06/01/2024 23:00,57,82,0
Pasay,07/01/2024 0:00,85,0,0
Pasay,07/01/2024 1:00,29,0,3.61
Pasay,07/01/2024 2:00,73,35,0
Pasay,07/01/2024 3:00,31,0,0.98
Pasay,07/01/2024 4:00,16,162,2.08
Pasay,07/01/2024 5:00,110,76,0
Pasay,07/01/2024 6:00,48,78,1.21
Pasay,07/01/2024 7:00,228,0,0
Pasay,07/01/2024 8:00,122,190,0
Pasay,07/01/2024 9:00,0,113,0.21
Pasay,07/01/2024 10:00,173,0,0
Pasay,07/01/2024 11:00,0,78,0
Pasay,07/01/2024 12:00,0,35,2.27
Pasay,07/01/2024 13:00,116,132,0
Pasay,07/01/2024 14:00,53,48,0.8
Pasay,07/01/2024 15:00,156,30,0.62
Pasay,07/01/2024 16:00,0,125,2.85
Pasay,07/01/2024 17:00,104,0,1.64
Pasay,07/01/2024 18:00,33,0,4.8
Pasay,07/01/2024 19:00,54,0,0
Pasay,07/01/2024 20:00,0,182,0.83
Pasay,07/01/2024 21:00,211,85,1.55
Pasay,07/01/2024 22:00,112,115,0
Pasay,07/01/2024 23:00,82,114,0
Pasay,08/01/2024 0:00,0,133,2.78
Taft,01/01/2024 0:00,0,78,0.14
Taft,01/01/2024 1:00,117,135,1.56
Taft,01/01/2024 2:00,43,69,0
Taft,01/01/2024 3:00,0,0,0
Taft,01/01/2024 4:00,82,0,1.2
Taft,01/01/2024 5:00,4,76,0.04
Taft,01/01/2024 6:00,77,46,0
Taft,01/01/2024 7:00,0,0,1.51
Taft,01/01/2024 8:00,0,0,3.95
Taft,01/01/2024 9:00,245,0,0
Taft,01/01/2024 10:00,81,203,0
Taft,01/01/2024 11:00,0,56,0.64
Taft,01/01/2024 12:00,128,133,0.02
Taft,01/01/2024 13:00,0,0,0
Taft,01/01/2024 14:00,158,42,1.99
Taft,01/01/2024 15:00,0,86,0.59
Taft,01/01/2024 16:00,12,3,2.12
Taft,01/01/2024 17:00,200,124,0.23
Taft,01/01/2024 18:00,134,45,0
Taft,01/01/2024 19:00,82,0,0
Taft,01/01/2024 20:00,222,41,0
Taft,01/01/2024 21:00,44,121,0
Taft,01/01/2024 22:00,242,0,0
Taft,01/01/2024 23:00,108,89,0.81
Taft,02/01/2024 0:00,131,0,0
Taft,02/01/2024 1:00,0,76,0
Taft,02/01/2024 2:00,203,13,2
Taft,02/01/2024 3:00,0,230,3.01
Taft,02/01/2024 4:00,118,75,1.65
Taft,02/01/2024 5:00,7,14,0
Taft,02/01/2024 6:00,0,285,0
Taft,02/01/2024 7:00,154,21,0
Taft,02/01/2024 8:00,0,46,4.45
Taft,02/01/2024 9:00,60,85,1.25
Taft,02/01/2024 10:00,1,13,0
Taft,02/01/2024 11:00,32,90,0
Taft,02/01/2024 12:00,0,0,1.15
Taft,02/01/2024 13:00,0,0,0
Taft,02/01/2024 14:00,91,6,0
Taft,02/01/2024 15:00,0,145,0
Taft,02/01/2024 16:00,30,71,3.3
Taft,02/01/2024 17:00,0,42,1.08
Taft,02/01/2024 18:00,0,7,0
Taft,02/01/2024 19:00,136,207,0
Taft,02/01/2024 20:00,0,0,0
Taft,02/01/2024 21:00,0,141,0.29
Taft,02/01/2024 22:00,253,0,3.3
Taft,02/01/2024 23:00,216,0,0
Taft,03/01/2024 0:00,36,19,0.6
Taft,03/01/2024 1:00,56,0,1.71
Taft,03/01/2024 2:00,96,85,2.02
Taft,03/01/2024 3:00,119,0,0
Taft,03/01/2024 4:00,225,29,1.73
Taft,03/01/2024 5:00,135,5,0
Taft,03/01/2024 6:00,40,0,0.08
Taft,03/01/2024 7:00,89,128,2.47
Taft,03/01/2024 8:00,0,45,0.87
Taft,03/01/2024 9:00,43,0,0
Taft,03/01/2024 10:00,0,188,0.55
Taft,03/01/2024 11:00,208,5,0
Taft,03/01/2024 12:00,0,114,0
Taft,03/01/2024 13:00,123,132,1.44
Taft,03/01/2024 14:00,209,0,0.47
Taft,03/01/2024 15:00,0,116,0
Taft,03/01/2024 16:00,0,126,0
Taft,03/01/2024 17:00,47,49,0
Taft,03/01/2024 18:00,135,81,0
Taft,03/01/2024 19:00,85,118,5.25
Taft,03/01/2024 20:00,0,159,2.36
Taft,03/01/2024 21:00,0,0,1.26
Taft,03/01/2024 22:00,0,150,1
Taft,03/01/2024 23:00,145,213,0.26
Taft,04/01/2024 0:00,0,209,0.33
Taft,04/01/2024 1:00,0,123,0
Taft,04/01/2024 2:00,0,181,0
Taft,04/01/2024 3:00,7,40,2.07
Taft,04/01/2024 4:00,0,124,0
Taft,04/01/2024 5:00,0,1,0.75
Taft,04/01/2024 6:00,20,0,0
Taft,04/01/2024 7:00,0,13,0
Taft,04/01/2024 8:00,148,28,0
Taft,04/01/2024 9:00,0,37,1.85
Taft,04/01/2024 10:00,9,102,0
Taft,04/01/2024 11:00,0,0,0.13
Taft,04/01/2024 12:00,43,74,0.78
Taft,04/01/2024 13:00,0,124,0.37
Taft,04/01/2024 14:00,58,194,2.45
Taft,04/01/2024 15:00,271,0,0
Taft,04/01/2024 16:00,21,70,0
Taft,04/01/2024 17:00,108,95,0
Taft,04/01/2024 18:00,0,133,0.46
Taft,04/01/2024 19:00,0,0,2.11
Taft,04/01/2024 20:00,24,110,0
Taft,04/01/2024 21:00,96,0,0
Taft,04/01/2024 22:00,214,86,1.29
Taft,04/01/2024 23:00,56,7,1.07
Taft,05/01/2024 0:00,76,0,3.41
Taft,05/01/2024 1:00,196,349,0.72
Taft,05/01/2024 2:00,215,74,0.31
Taft,05/01/2024 3:00,129,0,0
Taft,05/01/2024 4:00,20,0,0
Taft,05/01/2024 5:00,111,153,2.22
Taft,05/01/2024 6:00,18,136,3.59
Taft,05/01/2024 7:00,53,0,0
Taft,05/01/2024 8:00,32,188,0.36
Taft,05/01/2024 9:00,50,83,0.84
Taft,05/01/2024 10:00,48,133,0
Taft,05/01/2024 11:00,151,85,0
Taft,05/01/2024 12:00,184,0,1.09
Taft,05/01/2024 13:00,0,173,0.29
Taft,05/01/2024 14:00,292,0,2.9
Taft,05/01/2024 15:00,188,77,0.78
Taft,05/01/2024 16:00,0,143,0
Taft,05/01/2024 17:00,75,71,1.37
Taft,05/01/2024 18:00,232,0,0.91
Taft,05/01/2024 19:00,0,0,0
Taft,05/01/2024 20:00,124,0,0
Taft,05/01/2024 21:00,57,11,0
Taft,05/01/2024 22:00,109,86,2.37
Taft,05/01/2024 23:00,102,227,0
Taft,06/01/2024 0:00,26,31,0.22
Taft,06/01/2024 1:00,80,0,0
Taft,06/01/2024 2:00,157,0,0.69
Taft,06/01/2024 3:00,165,0,0
Taft,06/01/2024 4:00,67,0,0.93
Taft,06/01/2024 5:00,0,56,1.27
Taft,06/01/2024 6:00,0,35,0
Taft,06/01/2024 7:00,82,0,0
Taft,06/01/2024 8:00,0,121,0
Taft,06/01/2024 9:00,0,0,0
Taft,06/01/2024 10:00,56,144,1.94
Taft,06/01/2024 11:00,196,4,0
Taft,06/01/2024 12:00,139,273,0
Taft,06/01/2024 13:00,59,0,1.05
Taft,06/01/2024 14:00,0,84,0
Taft,06/01/2024 15:00,33,190,0
Taft,06/01/2024 16:00,0,306,4
Taft,06/01/2024 17:00,62,133,0
Taft,06/01/2024 18:00,139,0,0
Taft,06/01/2024 19:00,126,96,0.55
Taft,06/01/2024 20:00,0,15,0.46
Taft,06/01/2024 21:00,271,120,0
Taft,06/01/2024 22:00,16,176,7.16
Taft,06/01/2024 23:00,0,173,0
Taft,07/01/2024 0:00,224,20,0
Taft,07/01/2024 1:00,0,17,1.02
Taft,07/01/2024 2:00,124,0,0
Taft,07/01/2024 3:00,2,0,0
Taft,07/01/2024 4:00,0,0,3.97
Taft,07/01/2024 5:00,152,97,2.86
Taft,07/01/2024 6:00,17,0,2.86
Taft,07/01/2024 7:00,238,154,3.44
Taft,07/01/2024 8:00,14,0,0
Taft,07/01/2024 9:00,6,81,0
Taft,07/01/2024 10:00,71,162,0.92
Taft,07/01/2024 11:00,58,243,0
Taft,07/01/2024 12:00,58,64,0
Taft,07/01/2024 13:00,48,17,3.53
Taft,07/01/2024 14:00,0,157,1.24
Taft,07/01/2024 15:00,0,0,0
Taft,07/01/2024 16:00,0,95,0
Taft,07/01/2024 17:00,131,207,0.52
Taft,07/01/2024 18:00,19,81,0.72
Taft,07/01/2024 19:00,79,0,0
Taft,07/01/2024 20:00,109,128,0.86
Taft,07/01/2024 21:00,90,110,0
Taft,07/01/2024 22:00,0,186,0
Taft,07/01/2024 23:00,99,193,1.3
Taft,08/01/2024 0:00,254,0,1.96
